rows,cols,variant,fused_median_us,fused_p95_us,torch_unfused_median_us,torch_unfused_p95_us,speedup_vs_torch_unfused,max_abs_error
1,128,v0_scalar,10.239999741315842,11.391999898478387,10.607999749481678,14.336000196635723,1.0359375017053025,0.0
1,128,v1_float4,10.239999741315842,13.351999875158068,10.607999749481678,14.336000196635723,1.0359375017053025,0.0
128,128,v0_scalar,9.920000098645687,10.427200049161911,11.136000044643879,12.28800043463707,1.1225806384986028,0.0
128,128,v1_float4,10.17600018531084,11.363199912011623,11.136000044643879,12.28800043463707,1.0943396071001263,0.0
128,512,v0_scalar,9.855999611318111,10.273599764332173,10.27199998497963,12.478399788960813,1.042207831784389,0.0
128,512,v1_float4,9.999999776482582,10.401600040495396,10.27199998497963,12.478399788960813,1.0272000214576726,0.0
128,1024,v0_scalar,9.503999724984169,12.302400171756743,10.991999879479408,13.23839980177581,1.1565656773519863,0.0
128,1024,v1_float4,9.999999776482582,11.390399886295198,10.991999879479408,13.23839980177581,1.0992000125169756,0.0
128,4096,v0_scalar,10.239999741315842,11.264000087976456,10.991999879479408,13.363199867308136,1.0734375153477236,0.0
128,4096,v1_float4,10.255999863147736,11.233599856495857,10.991999879479408,13.363199867308136,1.0717628730647997,0.0
1024,512,v0_scalar,10.975999757647514,11.264000087976456,11.264000087976456,12.014400120824574,1.0262390977303255,0.0
1024,512,v1_float4,10.495999827980995,11.334399646148086,11.264000087976456,12.014400120824574,1.073170757677422,0.0
1024,4096,v0_scalar,28.672000393271446,29.69600073993206,33.79200026392937,34.623999148607254,1.1785714216110101,0.0
1024,4096,v1_float4,20.479999482631683,21.503999829292297,33.79200026392937,34.623999148607254,1.6500000545696836,0.0
2048,4096,v0_scalar,64.51199948787689,67.63680055737495,183.29599499702454,186.5264043211937,2.8412697862739407,0.0
2048,4096,v1_float4,36.768000572919846,42.20320079475641,183.29599499702454,186.5264043211937,4.9852043119261875,0.0