rows,cols,variant,median_us,p95_us,torch_unfused_median_us,torch_unfused_p95_us,ratio_vs_torch_unfused,max_abs_error
1,128,v0_serial_fused,19.424,28.795,13.296,14.339,1.461,4.76837158203125e-07
1,128,v1_block_shared,12.288,13.32,13.296,14.339,0.924,4.76837158203125e-07
1,128,v2_warp_shuffle,12.32,15.026,13.296,14.339,0.927,4.76837158203125e-07
1,128,v3_float4_io,13.088,14.371,13.296,14.339,0.984,4.76837158203125e-07
32,128,v0_serial_fused,47.04,48.098,13.984,15.362,3.364,9.5367431640625e-07
32,128,v1_block_shared,12.288,13.126,13.984,15.362,0.879,9.5367431640625e-07
32,128,v2_warp_shuffle,12.144,12.502,13.984,15.362,0.868,9.5367431640625e-07
32,128,v3_float4_io,12.288,17.381,13.984,15.362,0.879,9.5367431640625e-07
128,128,v0_serial_fused,90.112,92.502,13.472,14.691,6.689,1.9073486328125e-06
128,128,v1_block_shared,11.904,13.485,13.472,14.691,0.884,9.5367431640625e-07
128,128,v2_warp_shuffle,11.328,12.288,13.472,14.691,0.841,9.5367431640625e-07
128,128,v3_float4_io,12.192,16.427,13.472,14.691,0.905,9.5367431640625e-07
128,512,v0_serial_fused,323.888,326.656,13.312,14.245,24.331,3.814697265625e-06
128,512,v1_block_shared,11.392,13.478,13.312,14.245,0.856,9.5367431640625e-07
128,512,v2_warp_shuffle,11.584,14.15,13.312,14.245,0.87,9.5367431640625e-07
128,512,v3_float4_io,12.272,13.312,13.312,14.245,0.922,9.5367431640625e-07
128,1024,v0_serial_fused,581.632,584.675,14.336,15.376,40.571,3.337860107421875e-06
128,1024,v1_block_shared,12.288,18.854,14.336,15.376,0.857,1.9073486328125e-06
128,1024,v2_warp_shuffle,12.288,13.342,14.336,15.376,0.857,1.9073486328125e-06
128,1024,v3_float4_io,12.288,13.312,14.336,15.376,0.857,1.9073486328125e-06
128,4096,v0_serial_fused,1873.408,1916.581,16.192,16.73,115.7,1.049041748046875e-05
128,4096,v1_block_shared,16.064,17.762,16.192,16.73,0.992,1.9073486328125e-06
128,4096,v2_warp_shuffle,15.36,16.258,16.192,16.73,0.949,1.9073486328125e-06
128,4096,v3_float4_io,12.448,13.312,16.192,16.73,0.769,1.9073486328125e-06
1024,128,v0_serial_fused,67.584,68.608,14.336,16.517,4.714,2.86102294921875e-06
1024,128,v1_block_shared,15.36,15.664,14.336,16.517,1.071,1.9073486328125e-06
1024,128,v2_warp_shuffle,12.272,13.312,14.336,16.517,0.856,1.9073486328125e-06
1024,128,v3_float4_io,12.192,14.813,14.336,16.517,0.85,1.430511474609375e-06
1024,512,v0_serial_fused,245.76,248.902,14.272,16.11,17.22,3.337860107421875e-06
1024,512,v1_block_shared,17.104,30.771,14.272,16.11,1.198,9.5367431640625e-07
1024,512,v2_warp_shuffle,14.144,15.952,14.272,16.11,0.991,9.5367431640625e-07
1024,512,v3_float4_io,13.008,13.312,14.272,16.11,0.911,9.5367431640625e-07
1024,4096,v0_serial_fused,1889.28,1966.182,39.936,40.96,47.308,1.239776611328125e-05
1024,4096,v1_block_shared,46.08,47.104,39.936,40.96,1.154,1.9073486328125e-06
1024,4096,v2_warp_shuffle,45.056,47.104,39.936,40.96,1.128,1.9073486328125e-06
1024,4096,v3_float4_io,44.032,45.056,39.936,40.96,1.103,1.9073486328125e-06
128,8192,v0_serial_fused,3845.712,4232.298,19.536,20.358,196.853,1.239776611328125e-05
128,8192,v1_block_shared,24.592,25.688,19.536,20.358,1.259,1.9073486328125e-06
128,8192,v2_warp_shuffle,24.512,24.707,19.536,20.358,1.255,1.9073486328125e-06
128,8192,v3_float4_io,17.68,18.483,19.536,20.358,0.905,1.9073486328125e-06