rows,cols,variant,median_us
128,4096,v2,28.9920000359416
128,4096,v3,23.552000522613525
128,4096,v4,23.183999583125114
256,4096,v2,41.87200032174587
256,4096,v3,36.86400130391121
256,4096,v4,36.78400069475174
512,4096,v2,73.64800199866295
512,4096,v3,62.463998794555664
512,4096,v4,62.52799928188324
1024,4096,v2,121.85599654912949
1024,4096,v3,111.7120012640953
1024,4096,v4,112.64000087976456
2048,4096,v2,225.45599937438965
2048,4096,v3,215.64799547195435
2048,4096,v4,225.2800017595291
128,8192,v2,53.02400141954422
128,8192,v3,39.824001491069794
128,8192,v4,39.93599861860275
512,8192,v2,161.85599565505981
512,8192,v3,150.40000528097153
512,8192,v4,150.38400143384933
1024,8192,v2,266.1440074443817
1024,8192,v3,261.1199915409088
1024,8192,v4,261.9360089302063
1024,1024,v2,37.10399940609932
1024,1024,v3,34.81600061058998
1024,1024,v4,40.95999896526337
1536,512,v2,29.519999399781227
1536,512,v3,28.672000393271446
1536,512,v4,29.69600073993206
2048,512,v2,37.76000067591667
2048,512,v3,35.840000957250595
2048,512,v4,36.83200106024742