m,k,n,variant,rounds,repeats_per_round,median_us,mean_round_median_us,stdev_round_median_us,custom_speedup
16,64,64,v4_cublas,5,40,15.359999611973763,15.43039996176958,0.1740256130858755,1.2198220827736608
16,64,64,v7_custom,5,40,12.59199995547533,12.751999869942665,0.41229110908337013,1.2198220827736608
16,64,128,v4_cublas,5,40,15.48799965530634,15.50079993903637,0.12258566015118658,1.1935881283359053
16,64,128,v7_custom,5,40,12.97600008547306,12.924799881875515,0.2050246606796828,1.1935881283359053
16,64,256,v4_cublas,5,40,15.488000120967627,15.500800032168627,0.0701085323496297,1.2284263980013794
16,64,256,v7_custom,5,40,12.608000077307224,12.681600078940392,0.2559001209555935,1.2284263980013794
16,64,512,v4_cublas,5,40,15.359999611973763,15.359999611973763,0.0,1.2151898566297403
16,64,512,v7_custom,5,40,12.639999855309725,12.77759987860918,0.3177118791756132,1.2151898566297403
16,64,1024,v4_cublas,5,40,15.21599991247058,15.22879982367158,0.09288265894334122,1.2161125432486835
16,64,1024,v7_custom,5,40,12.511999811977148,12.678399868309498,0.3862600021464821,1.2161125432486835
16,64,2048,v4_cublas,5,40,15.359999611973763,15.334399789571762,0.04172278451783962,1.2182740734289639
16,64,2048,v7_custom,5,40,12.608000077307224,12.64639999717474,0.18438225798011462,1.2182740734289639
16,128,64,v4_cublas,5,40,15.359999611973763,15.436799824237823,0.10576985904052139,1.166464153981687
16,128,64,v7_custom,5,40,13.167999684810638,12.819199915975332,0.4776472508676019,1.166464153981687
16,128,128,v4_cublas,5,40,15.39199985563755,15.574399754405022,0.3238963214862988,1.204004993037118
16,128,128,v7_custom,5,40,12.784000020474195,12.857600022107363,0.4388492260179465,1.204004993037118
16,128,256,v4_cublas,5,40,15.455999877303839,15.465599857270718,0.07967958076624657,1.1694915116881828
16,128,256,v7_custom,5,40,13.21600005030632,13.222399912774563,0.05611422484379914,1.1694915116881828
16,128,512,v4_cublas,5,40,15.32800029963255,15.31839994713664,0.05378458394017113,1.1598063136567012
16,128,512,v7_custom,5,40,13.21600005030632,13.23519991710782,0.07366947640431824,1.1598063136567012
16,128,1024,v4_cublas,5,40,15.359999611973763,15.436799824237823,0.11941205585847595,1.1538461377012772
16,128,1024,v7_custom,5,40,13.311999849975109,13.273599930107594,0.08586483115430953,1.1538461377012772
16,128,2048,v4_cublas,5,40,15.359999611973763,15.356799680739641,0.007155263762820072,1.1580216880060235
16,128,2048,v7_custom,5,40,13.263999950140715,13.260799925774336,0.059221659740164696,1.1580216880060235
16,256,64,v4_cublas,5,40,15.359999611973763,15.375999640673399,0.03577715181433469,0.9402546519666379
16,256,64,v7_custom,5,40,16.335999593138695,16.300799697637558,0.10332086739872917,0.9402546519666379
16,256,128,v4_cublas,5,40,15.359999611973763,15.343999676406384,0.035776943564276104,0.9448818166839189
16,256,128,v7_custom,5,40,16.256000846624374,16.26560017466545,0.09302019103333438,0.9448818166839189
16,256,256,v4_cublas,5,40,15.359999611973763,15.372799709439278,0.028621888051514617,0.9374999786837179
16,256,256,v7_custom,5,40,16.383999958634377,16.383999958634377,0.0,0.9374999786837179
16,256,512,v4_cublas,5,40,15.263999812304974,15.267199836671352,0.10516239823224782,0.9316406158961712
16,256,512,v7_custom,5,40,16.383999958634377,16.383999958634377,0.0,0.9316406158961712
16,256,1024,v4_cublas,5,40,15.359999611973763,15.347199700772762,0.02862147155139745,0.9374999786837179
16,256,1024,v7_custom,5,40,16.383999958634377,16.42559990286827,0.09302030316718818,0.9374999786837179
16,256,2048,v4_cublas,5,40,16.00000075995922,15.96160028129816,0.3782232933125773,0.9765625488498132
16,256,2048,v7_custom,5,40,16.383999958634377,16.633599996566772,0.3484548984774774,0.9765625488498132
16,512,64,v4_cublas,5,40,16.048000194132328,15.929599851369858,0.29363370223695306,0.7033660805176873
16,512,64,v7_custom,5,40,22.815999574959278,22.902399860322475,0.29297899260381094,0.7033660805176873
16,512,128,v4_cublas,5,40,15.359999611973763,15.494399890303612,0.22216438110607725,0.6818181592687266
16,512,128,v7_custom,5,40,22.52800017595291,22.579200007021427,0.11448630270570698,0.6818181592687266
16,512,256,v4_cublas,5,40,15.968000516295433,15.907199960201979,0.25709754114206784,0.677989137311869
16,512,256,v7_custom,5,40,23.552000522613525,23.552000522613525,0.0,0.677989137311869
16,512,512,v4_cublas,5,40,16.3199994713068,16.313600167632103,0.07208843216226567,0.6929347447847203
16,512,512,v7_custom,5,40,23.552000522613525,23.552000522613525,0.0,0.6929347447847203
16,512,1024,v4_cublas,5,40,16.383999958634377,16.51199981570244,0.2862163815144432,0.6956521567203274
16,512,1024,v7_custom,5,40,23.552000522613525,23.552000522613525,0.0,0.6956521567203274
16,512,2048,v4_cublas,5,40,17.40800030529499,17.536000162363052,0.2862163815144432,0.7391304313440655
16,512,2048,v7_custom,5,40,23.552000522613525,23.577600345015526,0.0572429431027949,0.7391304313440655
16,1024,64,v4_cublas,5,40,16.383999958634377,16.367999836802483,0.04525517858857247,0.4477481499278703
16,1024,64,v7_custom,5,40,36.59199923276901,36.59519925713539,0.0710160320147383,0.4477481499278703
16,1024,128,v4_cublas,5,40,16.57600048929453,16.668800078332424,0.2598213880587492,0.4496527751461381
16,1024,128,v7_custom,5,40,36.86400130391121,36.86400130391121,0.0,0.4496527751461381
16,1024,256,v4_cublas,5,40,18.432000651955605,18.432000651955605,0.0,0.4864864825003886
16,1024,256,v7_custom,5,40,37.88800165057182,37.88800165057182,0.0,0.4864864825003886
16,1024,512,v4_cublas,5,40,18.432000651955605,18.729600682854652,0.40754488706235614,0.4864864825003886
16,1024,512,v7_custom,5,40,37.88800165057182,38.02240118384361,0.30052649253996616,0.4864864825003886
16,1024,1024,v4_cublas,5,40,19.45599913597107,19.580799341201782,0.2790617425017988,0.5135134683377377
16,1024,1024,v7_custom,5,40,37.88800165057182,37.87840157747269,0.02146641603863596,0.5135134683377377
16,1024,2048,v4_cublas,5,40,21.247999742627144,21.289600059390068,0.1751246022270596,0.5591579059436714
16,1024,2048,v7_custom,5,40,37.99999877810478,38.13759982585907,0.281844718100968,0.5591579059436714
32,64,64,v4_cublas,5,40,15.359999611973763,15.430399868637323,0.09901953396155862,1.2291932954911498
32,64,64,v7_custom,5,40,12.496000155806541,12.444800231605768,0.15068892104902917,1.2291932954911498
32,64,128,v4_cublas,5,40,15.503999777138233,15.462399926036596,0.1052845592914523,1.2359694103883008
32,64,128,v7_custom,5,40,12.543999589979649,12.59839991107583,0.16917681296923526,1.2359694103883008
32,64,256,v4_cublas,5,40,15.375999733805656,15.535999741405249,0.31759090448328603,1.2289002529465303
32,64,256,v7_custom,5,40,12.511999811977148,12.56640013307333,0.15903712363551728,1.2289002529465303
32,64,512,v4_cublas,5,40,15.503999777138233,15.603199880570173,0.30930119284154883,1.2052238479100446
32,64,512,v7_custom,5,40,12.864000163972378,12.876800075173378,0.24511883199430842,1.2052238479100446
32,64,1024,v4_cublas,5,40,15.696000307798386,15.795199945569038,0.28428691528460065,1.1890909388521815
32,64,1024,v7_custom,5,40,13.199999928474426,13.030399940907955,0.3453184354732432,1.1890909388521815
32,64,2048,v4_cublas,5,40,15.359999611973763,15.542399883270264,0.2816186641541873,1.2198220827736608
32,64,2048,v7_custom,5,40,12.59199995547533,12.681599985808134,0.35101698326357234,1.2198220827736608
32,128,64,v4_cublas,5,40,15.71200042963028,15.782400220632553,0.3458738590841386,1.1802885071141027
32,128,64,v7_custom,5,40,13.311999849975109,13.267199881374836,0.10017577518006683,1.1802885071141027
32,128,128,v4_cublas,5,40,15.888000838458538,15.868800319731236,0.36228642316115367,1.1935096918205153
32,128,128,v7_custom,5,40,13.311999849975109,13.167999871075153,0.31312605856073783,1.1935096918205153
32,128,256,v4_cublas,5,40,15.615999698638916,15.516799874603748,0.1359531188038035,1.210918052498831
32,128,256,v7_custom,5,40,12.896000407636166,12.85760011523962,0.1292933254554928,1.210918052498831
32,128,512,v4_cublas,5,40,15.471999999135733,15.577599965035915,0.24491013373137294,1.2027363030099658
32,128,512,v7_custom,5,40,12.864000163972378,12.844800110906363,0.2896398415297555,1.2027363030099658
32,128,1024,v4_cublas,5,40,16.03199914097786,16.03839984163642,0.3506519155858975,1.2145453960491603
32,128,1024,v7_custom,5,40,13.199999928474426,13.081599958240986,0.2845572654415034,1.2145453960491603
32,128,2048,v4_cublas,5,40,15.424000099301338,15.443199872970581,0.07453330178202948,1.2050000381987784
32,128,2048,v7_custom,5,40,12.799999676644802,12.729599978774786,0.16261858021572595,1.2050000381987784
32,256,64,v4_cublas,5,40,15.359999611973763,15.375999826937914,0.05542564460664048,1.0572687106060579
32,256,64,v7_custom,5,40,14.527999795973301,14.553599897772074,0.19286467751823222,1.0572687106060579
32,256,128,v4_cublas,5,40,15.519999898970127,15.60319997370243,0.3658025815190619,1.01890758524717
32,256,128,v7_custom,5,40,15.231999568641186,15.2319997549057,0.14488608270038963,1.01890758524717
32,256,256,v4_cublas,5,40,15.471999999135733,15.500800032168627,0.10332089984854292,1.0178947196216674
32,256,256,v7_custom,5,40,15.200000256299973,15.222399961203337,0.09966329541324057,1.0178947196216674
32,256,512,v4_cublas,5,40,15.519999898970127,15.561600029468536,0.19186686974431688,1.0146443411468187
32,256,512,v7_custom,5,40,15.296000055968761,15.295999869704247,0.05656847932767001,1.0146443411468187
32,256,1024,v4_cublas,5,40,15.440000221133232,15.670399740338326,0.3612597238906927,1.0052083731237276
32,256,1024,v7_custom,5,40,15.359999611973763,15.343999769538641,0.02771262066582354,1.0052083731237276
32,256,2048,v4_cublas,5,40,15.60000004246831,15.63199982047081,0.2948084079170788,1.01562502842171
32,256,2048,v7_custom,5,40,15.359999611973763,15.35359974950552,0.014310527525640144,1.01562502842171
32,512,64,v4_cublas,5,40,15.359999611973763,15.369599685072899,0.02146641603863596,0.75
32,512,64,v7_custom,5,40,20.479999482631683,20.476799458265305,0.007155472012878654,0.75
32,512,128,v4_cublas,5,40,15.359999611973763,15.391999669373035,0.07155430362866938,0.7401696145234623
32,512,128,v7_custom,5,40,20.75199969112873,20.819199830293655,0.32739467117070814,0.7401696145234623
32,512,256,v4_cublas,5,40,15.567999798804522,15.539199858903885,0.0900844167536982,0.7337858298669924
32,512,256,v7_custom,5,40,21.215999498963356,21.228799782693386,0.11392579262873297,0.7337858298669924
32,512,512,v4_cublas,5,40,15.39199985563755,15.411199908703566,0.061345217443059125,0.7249434558865555
32,512,512,v7_custom,5,40,21.232000552117825,21.177600137889385,0.22445680975081167,0.7249434558865555
32,512,1024,v4_cublas,5,40,15.95200039446354,15.824000351130962,0.34926246680575945,0.7473763137412053
32,512,1024,v7_custom,5,40,21.344000473618507,21.37280013412237,0.08031915783354676,0.7473763137412053
32,512,2048,v4_cublas,5,40,17.40800030529499,17.35679991543293,0.07010902120127345,0.8095238301472724
32,512,2048,v7_custom,5,40,21.503999829292297,21.462399698793888,0.05724348975999772,0.8095238301472724
32,1024,64,v4_cublas,5,40,16.927999444305897,16.915199533104897,0.25883430616811964,0.5332661187401092
32,1024,64,v7_custom,5,40,31.74399957060814,31.71519935131073,0.06439924811590789,0.5332661187401092
32,1024,128,v4_cublas,5,40,17.008000053465366,16.905600018799305,0.2625659504639957,0.519042971692091
32,1024,128,v7_custom,5,40,32.76799991726875,32.739199697971344,0.04853077237636061,0.519042971692091
32,1024,256,v4_cublas,5,40,17.216000705957413,17.203199863433838,0.05701886674863227,0.5253906478705944
32,1024,256,v7_custom,5,40,32.76799991726875,32.76799991726875,0.0,0.5253906478705944
32,1024,512,v4_cublas,5,40,17.40800030529499,17.695999890565872,0.4022331951753289,0.531250010658141
32,1024,512,v7_custom,5,40,32.76799991726875,32.75199979543686,0.03577736006439327,0.531250010658141
32,1024,1024,v4_cublas,5,40,18.432000651955605,18.486400321125984,0.07470430374678619,0.550143256439924
32,1024,1024,v7_custom,5,40,33.504001796245575,33.4976002573967,0.12058432886957954,0.550143256439924
32,1024,2048,v4_cublas,5,40,20.336000248789787,20.30079998075962,0.07951915678813236,0.6196977106765393
32,1024,2048,v7_custom,5,40,32.816000282764435,32.91200026869774,0.2036467670457416,0.6196977106765393
64,64,64,v4_cublas,5,40,15.359999611973763,15.318399760872126,0.07639873005503961,1.2371134159812138
64,64,64,v7_custom,5,40,12.415999546647072,12.435200065374374,0.16681474414453673,1.2371134159812138
64,64,128,v4_cublas,5,40,15.424000099301338,15.491200052201748,0.14638061659875415,1.1828220837863919
64,64,128,v7_custom,5,40,13.040000107139349,13.036799989640713,0.17358353785831654,1.1828220837863919
64,64,256,v4_cublas,5,40,15.407999977469444,15.561599843204021,0.3193192948141366,1.2236340559046495
64,64,256,v7_custom,5,40,12.59199995547533,12.623999919742346,0.16198767994248264,1.2236340559046495
64,64,512,v4_cublas,5,40,15.359999611973763,15.40799979120493,0.07155435569146812,1.2015018450699295
64,64,512,v7_custom,5,40,12.784000020474195,12.81920000910759,0.09824044635709843,1.2015018450699295
64,64,1024,v4_cublas,5,40,15.471999999135733,15.536000113934278,0.15263050695230632,1.2240506468547434
64,64,1024,v7_custom,5,40,12.639999855309725,12.82559996470809,0.27680450059735523,1.2240506468547434
64,64,2048,v4_cublas,5,40,16.047999262809753,15.913599729537964,0.24647248031309762,1.220194631695616
64,64,2048,v7_custom,5,40,13.151999562978745,13.065599836409092,0.25689838576681906,1.220194631695616
64,128,64,v4_cublas,5,40,15.359999611973763,15.343999862670898,0.06881863896707084,1.1970074584916595
64,128,64,v7_custom,5,40,12.83199992030859,12.720000185072422,0.4153839414342691,1.1970074584916595
64,128,128,v4_cublas,5,40,15.359999611973763,15.36640003323555,0.07297133359250767,1.2451361685573084
64,128,128,v7_custom,5,40,12.335999868810177,12.441600114107132,0.19352705412332738,1.2451361685573084
64,128,256,v4_cublas,5,40,15.359999611973763,15.407999698072672,0.06596979704770048,1.226053615351806
64,128,256,v7_custom,5,40,12.527999933809042,12.52480000257492,0.15068886171692567,1.226053615351806
64,128,512,v4_cublas,5,40,15.407999977469444,15.478399861603975,0.13077000874512423,1.1947890855146732
64,128,512,v7_custom,5,40,12.895999941974878,12.87040002644062,0.1331947108965003,1.1947890855146732
64,128,1024,v4_cublas,5,40,15.567999798804522,15.580799896270037,0.23279886185788382,1.199753367467473
64,128,1024,v7_custom,5,40,12.97600008547306,12.956800032407045,0.22582114070380413,1.199753367467473
64,128,2048,v4_cublas,5,40,15.359999611973763,15.337599720805883,0.04172282023174216,1.1721611310281441
64,128,2048,v7_custom,5,40,13.104000128805637,13.094399962574244,0.09901914269400867,1.1721611310281441
64,256,64,v4_cublas,5,40,15.359999611973763,15.599999763071537,0.422715018510373,1.0062892951290132
64,256,64,v7_custom,5,40,15.263999812304974,15.238399989902973,0.10768822860610612,1.0062892951290132
64,256,128,v4_cublas,5,40,15.424000099301338,15.407999884337187,0.04525505511178792,1.012605077212281
64,256,128,v7_custom,5,40,15.231999568641186,15.235199872404337,0.07101546547496179,1.012605077212281
64,256,256,v4_cublas,5,40,15.583999920636415,15.657599736005068,0.21750556396095103,1.024185069024891
64,256,256,v7_custom,5,40,15.21599991247058,15.25440001860261,0.08359893990222143,1.024185069024891
64,256,512,v4_cublas,5,40,15.503999777138233,15.596799924969673,0.2510521743486385,1.009375010989728
64,256,512,v7_custom,5,40,15.359999611973763,15.321599692106247,0.05378466705532354,1.009375010989728
64,256,1024,v4_cublas,5,40,15.359999611973763,15.391999669373035,0.07155430362866938,1.0
64,256,1024,v7_custom,5,40,15.359999611973763,15.331199672073126,0.06439862336573214,1.0
64,256,2048,v4_cublas,5,40,16.176000237464905,16.102399863302708,0.34252704019772284,0.9980256513626683
64,256,2048,v7_custom,5,40,16.208000481128693,16.208000108599663,0.17924272045271375,0.9980256513626683
64,512,64,v4_cublas,5,40,15.519999898970127,15.635200031101704,0.20345844091272136,0.7293233039928793
64,512,64,v7_custom,5,40,21.27999998629093,21.292800083756447,0.12618682446601598,0.7293233039928793
64,512,128,v4_cublas,5,40,15.424000099301338,15.519999898970127,0.1806655132768915,0.7297501679694137
64,512,128,v7_custom,5,40,21.136000752449036,21.001600101590157,0.2856796400657827,0.7297501679694137
64,512,256,v4_cublas,5,40,15.359999611973763,15.462399832904339,0.1557848205351065,0.732824396954202
64,512,256,v7_custom,5,40,20.960000343620777,20.9696002304554,0.16457467017651564,0.732824396954202
64,512,512,v4_cublas,5,40,16.127999871969223,15.993599873036146,0.3020145894013721,0.7505584554885187
64,512,512,v7_custom,5,40,21.487999707460403,21.452799811959267,0.06918938919017205,0.7505584554885187
64,512,1024,v4_cublas,5,40,17.295999452471733,17.305600084364414,0.10157169681108681,0.8049143562891407
64,512,1024,v7_custom,5,40,21.487999707460403,21.475199796259403,0.04719316873221972,0.8049143562891407
64,512,2048,v4_cublas,5,40,17.40800030529499,17.40800030529499,0.0,0.7743772443092793
64,512,2048,v7_custom,5,40,22.47999981045723,22.48319983482361,0.04719357920446808,0.7743772443092793
64,1024,64,v4_cublas,5,40,17.216000705957413,17.219199985265732,0.12206237849676933,0.5253906478705944
64,1024,64,v7_custom,5,40,32.76799991726875,32.76799991726875,0.0,0.5253906478705944
64,1024,128,v4_cublas,5,40,17.071999609470367,17.158399894833565,0.1747591185762117,0.5209960831473701
64,1024,128,v7_custom,5,40,32.76799991726875,32.76799991726875,0.0,0.5209960831473701
64,1024,256,v4_cublas,5,40,17.40800030529499,17.40800030529499,0.0,0.531250010658141
64,1024,256,v7_custom,5,40,32.76799991726875,32.80959986150265,0.09302030316718818,0.531250010658141
64,1024,512,v4_cublas,5,40,18.432000651955605,18.435200676321983,0.007155472012878654,0.5570600041071868
64,1024,512,v7_custom,5,40,33.08799862861633,33.18080008029938,0.2617854537105897,0.5570600041071868
64,1024,1024,v4_cublas,5,40,20.62400057911873,20.588799752295017,0.10207461753021486,0.6103219820678514
64,1024,1024,v7_custom,5,40,33.79200026392937,33.73440019786358,0.12005340401999942,0.6103219820678514
64,1024,2048,v4_cublas,5,40,21.455999463796616,21.433600038290024,0.07029038449872166,0.6040540641167376
64,1024,2048,v7_custom,5,40,35.51999852061272,35.526399314403534,0.22757192428926884,0.6040540641167376
128,64,64,v4_cublas,5,40,15.359999611973763,15.417599864304066,0.14690422050460158,1.2339331515678136
128,64,64,v7_custom,5,40,12.44799979031086,12.53119995817542,0.3293436824149272,1.2339331515678136
128,64,128,v4_cublas,5,40,16.3199994713068,16.2815997377038,0.14559152903956768,1.2259615125624657
128,64,128,v7_custom,5,40,13.311999849975109,13.267199881374836,0.06237945714869166,1.2259615125624657
128,64,256,v4_cublas,5,40,16.095999628305435,15.919999871402979,0.27942796175510104,1.2253349377661906
128,64,256,v7_custom,5,40,13.135999906808138,13.09120012447238,0.13067186075340823,1.2253349377661906
128,64,512,v4_cublas,5,40,15.680000185966492,15.647999849170446,0.20079829346023284,1.226533179040536
128,64,512,v7_custom,5,40,12.784000020474195,12.876799888908863,0.22210612878849792,1.226533179040536
128,64,1024,v4_cublas,5,40,15.48799965530634,15.5775997787714,0.29967444483551087,1.2191435614995467
128,64,1024,v7_custom,5,40,12.703999876976013,12.729599885642529,0.3045468603588664,1.2191435614995467
128,64,2048,v4_cublas,5,40,16.24000072479248,16.227199882268906,0.1116566926332727,1.2577447834990587
128,64,2048,v7_custom,5,40,12.912000063806772,12.99200002104044,0.2196724772987513,1.2577447834990587
128,128,64,v4_cublas,5,40,15.39199985563755,15.417599864304066,0.08660741419879257,1.1861898700871047
128,128,64,v7_custom,5,40,12.97600008547306,12.899199873209,0.3121846778189861,1.1861898700871047
128,128,128,v4_cublas,5,40,15.456000342965126,15.612800046801567,0.3462071047574099,1.192592579551096
128,128,128,v7_custom,5,40,12.960000429302454,12.947200145572424,0.27420281585798056,1.192592579551096
128,128,256,v4_cublas,5,40,15.456000342965126,15.459199994802475,0.053546259826510643,1.2305733039492157
128,128,256,v7_custom,5,40,12.559999711811543,12.527999933809042,0.0839045475624142,1.2305733039492157
128,128,512,v4_cublas,5,40,15.519999898970127,15.49759991466999,0.12780004126210526,1.2004950676930617
128,128,512,v7_custom,5,40,12.927999719977379,12.81920000910759,0.25784331550572787,1.2004950676930617
128,128,1024,v4_cublas,5,40,15.63199982047081,15.647999756038189,0.2552487400859336,1.1756919479610892
128,128,1024,v7_custom,5,40,13.295999728143215,13.212799932807684,0.14058147122291637,1.1756919479610892
128,128,2048,v4_cublas,5,40,17.20000058412552,17.139200121164322,0.32934383511700627,1.1197917329839904
128,128,2048,v7_custom,5,40,15.359999611973763,15.356799680739641,0.007155263762820072,1.1197917329839904
128,256,64,v4_cublas,5,40,15.424000099301338,15.414399839937687,0.05496191164015358,1.0136698335980068
128,256,64,v7_custom,5,40,15.21599991247058,15.241600014269352,0.06750383191023336,1.0136698335980068
128,256,128,v4_cublas,5,40,15.503999777138233,15.471999906003475,0.1061323100252573,1.0157232683296933
128,256,128,v7_custom,5,40,15.263999812304974,15.289599820971489,0.06937410183761691,1.0157232683296933
128,256,256,v4_cublas,5,40,15.440000221133232,15.452799946069717,0.09008451600166073,1.0062565345155496
128,256,256,v7_custom,5,40,15.343999955803156,15.324799809604883,0.04141483874033193,1.0062565345155496
128,256,512,v4_cublas,5,40,15.359999611973763,15.359999611973763,0.0,1.0
128,256,512,v7_custom,5,40,15.359999611973763,15.359999611973763,0.0,1.0
128,256,1024,v4_cublas,5,40,16.07999950647354,16.00640006363392,0.22331332520815317,0.9960356487021711
128,256,1024,v7_custom,5,40,16.143999993801117,16.204799711704254,0.1172483683389013,0.9960356487021711
128,256,2048,v4_cublas,5,40,19.216000102460384,19.116799905896187,0.26734856897791787,0.945669290472451
128,256,2048,v7_custom,5,40,20.320000126957893,20.217600092291832,0.24854164237748458,0.945669290472451
128,512,64,v4_cublas,5,40,15.359999611973763,15.391999669373035,0.04525493163442689,0.7267221359364303
128,512,64,v7_custom,5,40,21.136000752449036,21.13600019365549,0.1362349798174589,0.7267221359364303
128,512,128,v4_cublas,5,40,15.63199982047081,15.692799724638462,0.3424897204872887,0.7395911839499497
128,512,128,v7_custom,5,40,21.136000752449036,21.184000372886658,0.08079573258222357,0.7395911839499497
128,512,256,v4_cublas,5,40,15.984000638127327,15.920000337064266,0.15221056074417355,0.746079220498974
128,512,256,v7_custom,5,40,21.423999220132828,21.41439989209175,0.09093274983854556,0.746079220498974
128,512,512,v4_cublas,5,40,17.023999243974686,16.812799870967865,0.39555933402005383,0.7916666377938187
128,512,512,v7_custom,5,40,21.503999829292297,21.47199995815754,0.05542524133164708,0.7916666377938187
128,512,1024,v4_cublas,5,40,17.40800030529499,17.40800030529499,0.0,0.7776983692327036
128,512,1024,v7_custom,5,40,22.38400001078844,22.393600083887577,0.14603040397865216,0.7776983692327036
128,512,2048,v4_cublas,5,40,22.52800017595291,22.52800017595291,0.0,0.7586206766778405
128,512,2048,v7_custom,5,40,29.69600073993206,29.753600619733334,0.12879724673146428,0.7586206766778405
128,1024,64,v4_cublas,5,40,17.248000018298626,17.29280035942793,0.0914940630435947,0.5263671893873791
128,1024,64,v7_custom,5,40,32.76799991726875,32.76799991726875,0.0,0.5263671893873791
128,1024,128,v4_cublas,5,40,17.40800030529499,17.667200043797493,0.3553293545578883,0.531250010658141
128,1024,128,v7_custom,5,40,32.76799991726875,32.76799991726875,0.0,0.531250010658141
128,1024,256,v4_cublas,5,40,18.432000651955605,18.432000651955605,0.0,0.5578692984536098
128,1024,256,v7_custom,5,40,33.03999826312065,33.104000240564346,0.2682092493637101,0.5578692984536098
128,1024,512,v4_cublas,5,40,20.479999482631683,20.470399595797062,0.0214659995385188,0.6115623046650559
128,1024,512,v7_custom,5,40,33.48800167441368,33.52640010416508,0.10467382306228637,0.6115623046650559
128,1024,1024,v4_cublas,5,40,21.503999829292297,21.47199995815754,0.05542524133164708,0.6043165588132421
128,1024,1024,v7_custom,5,40,35.58399900794029,35.51360033452511,0.21750498334623286,0.6043165588132421
128,1024,2048,v4_cublas,5,40,29.69600073993206,29.69600073993206,0.0,0.591836768785725
128,1024,2048,v7_custom,5,40,50.175998359918594,50.175998359918594,0.0,0.591836768785725