m,k,n,variant,rounds,repeats_per_round,flush_mib,median_us,mean_us,stdev_us,p10_us,p90_us,cv,speedup_vs_v2
32,128,256,v2_packed_scalar_post,5,30,128,18.048,17.824,0.420133,17.36,18.169601,0.023571,1.0
32,128,256,v3_packed_float4_post,5,30,128,18.239999,17.984,0.531624,17.408,18.432001,0.029561,0.989474
128,512,512,v2_packed_scalar_post,5,30,128,33.904001,34.0192,0.660511,33.3696,34.662399,0.019416,1.0
128,512,512,v3_packed_float4_post,5,30,128,34.639999,34.4352,0.407513,33.9904,34.7456,0.011834,0.978753
128,1024,4096,v2_packed_scalar_post,5,30,128,129.968002,129.558402,1.707869,127.769601,131.193604,0.013182,1.0
128,1024,4096,v3_packed_float4_post,5,30,128,128.000006,128.000006,2.048001,125.952005,130.048007,0.016,1.015375
256,1024,4096,v2_packed_scalar_post,5,30,128,258.512005,257.110399,7.976398,249.036792,263.155204,0.031023,1.0
256,1024,4096,v3_packed_float4_post,5,30,128,257.008001,255.299202,7.527332,247.584006,261.017597,0.029484,1.005852
512,1024,4096,v2_packed_scalar_post,5,30,128,503.632009,501.216003,20.625554,480.697602,519.795203,0.041151,1.0
512,1024,4096,v3_packed_float4_post,5,30,128,502.752006,499.436802,21.969667,477.670395,518.134409,0.043989,1.00175
256,4096,4096,v2_packed_scalar_post,5,30,128,1189.68004,1179.29281,14.413751,1163.475204,1189.888,0.012222,1.0
256,4096,4096,v3_packed_float4_post,5,30,128,1183.119953,1173.583972,14.312622,1157.884789,1184.617567,0.012196,1.005545
512,4096,4096,v2_packed_scalar_post,5,30,128,2197.504044,2193.14239,41.682388,2151.356769,2235.206389,0.019006,1.0
512,4096,4096,v3_packed_float4_post,5,30,128,2192.847967,2198.678374,81.646706,2127.398396,2282.569551,0.037134,1.002123