m,k,n,variant,ours_median_us,ours_p95_us,torch_prealloc_median_us,torch_prealloc_p95_us,torch_packed_median_us,torch_packed_p95_us,torch_alloc_median_us,torch_alloc_p95_us,ratio_vs_torch_prealloc,ratio_vs_torch_packed,max_abs_error
32,128,256,v0_scalar_post,27.648000046610832,29.69600073993206,25.311999954283237,28.929600119590752,19.231999292969704,22.151999641209837,26.623999699950218,38.652799651026726,1.0922882465449872,1.4376040486189918,0.0
32,128,256,v1_float4_post,27.648000046610832,28.643200173974037,25.311999954283237,28.929600119590752,19.231999292969704,22.151999641209837,26.623999699950218,38.652799651026726,1.0922882465449872,1.4376040486189918,0.0
32,128,256,v2_packed_gemm,16.143999993801117,23.193600401282303,25.311999954283237,28.929600119590752,19.231999292969704,22.151999641209837,26.623999699950218,38.652799651026726,0.6378002537515518,0.8394343067443117,0.000244140625
32,128,256,v3_packed_float4_post,16.35199971497059,17.53120021894574,25.311999954283237,28.929600119590752,19.231999292969704,22.151999641209837,26.623999699950218,38.652799651026726,0.6460176890211926,0.8502496004639567,0.000244140625
128,512,512,v0_scalar_post,35.840000957250595,37.756799906492226,33.79200026392937,34.81600061058998,26.623999699950218,27.505599800497293,35.51999852061272,35.840000957250595,1.0606060806500208,1.3461538972792886,0.0
128,512,512,v1_float4_post,35.840000957250595,36.8352010846138,33.79200026392937,34.81600061058998,26.623999699950218,27.505599800497293,35.51999852061272,35.840000957250595,1.0606060806500208,1.3461538972792886,0.0
128,512,512,v2_packed_gemm,27.615999802947044,28.801600355654955,33.79200026392937,34.81600061058998,26.623999699950218,27.505599800497293,35.51999852061272,35.840000957250595,0.8172348362705603,1.0372596196730983,0.001708984375
128,512,512,v3_packed_float4_post,27.648000046610832,27.648000046610832,33.79200026392937,34.81600061058998,26.623999699950218,27.505599800497293,35.51999852061272,35.840000957250595,0.8181818131708282,1.0384615519156022,0.001708984375
128,1024,4096,v0_scalar_post,166.9120043516159,174.15039837360382,146.30399644374847,149.24959912896156,121.85599654912949,123.90399724245071,160.25599837303162,167.26399883627892,1.1408574503006887,1.3697479736610327,0.0
128,1024,4096,v1_float4_post,165.50399363040924,166.71519875526428,146.30399644374847,149.24959912896156,121.85599654912949,123.90399724245071,160.25599837303162,167.26399883627892,1.1312335797610482,1.358193263502481,0.0
128,1024,4096,v2_packed_gemm,139.0720009803772,151.6048029065132,146.30399644374847,149.24959912896156,121.85599654912949,123.90399724245071,160.25599837303162,167.26399883627892,0.95056870872183,1.1412815529706544,0.0
128,1024,4096,v3_packed_float4_post,135.16800105571747,148.4592005610466,146.30399644374847,149.24959912896156,121.85599654912949,123.90399724245071,160.25599837303162,167.26399883627892,0.9238845441087277,1.10924373755559,0.0
512,1024,4096,v0_scalar_post,591.871976852417,614.4512176513672,572.4160075187683,577.0319998264313,522.6079821586609,526.8992185592651,605.6800186634064,625.2031922340393,1.033989212527413,1.1325352789439942,0.0
512,1024,4096,v1_float4_post,566.6080117225647,567.296028137207,572.4160075187683,577.0319998264313,522.6079821586609,526.8992185592651,605.6800186634064,625.2031922340393,0.9898535405720408,1.0841931831621845,0.0
512,1024,4096,v2_packed_gemm,490.4960095882416,494.59201097488403,572.4160075187683,577.0319998264313,522.6079821586609,526.8992185592651,605.6800186634064,625.2031922340393,0.856887304242901,0.9385543779148205,0.0
512,1024,4096,v3_packed_float4_post,498.1759935617447,515.9519881010056,572.4160075187683,577.0319998264313,522.6079821586609,526.8992185592651,605.6800186634064,625.2031922340393,0.8703040918110777,0.9532498747990826,0.0
512,4096,4096,v0_scalar_post,2439.679980278015,3053.0335426330566,2412.816047668457,2944.870412349701,2248.703956604004,2741.760003566742,2499.583959579468,3143.628764152527,1.011133850272389,1.0849271524217992,0.0
512,4096,4096,v1_float4_post,2459.6478939056396,3076.3519287109375,2412.816047668457,2944.870412349701,2248.703956604004,2741.760003566742,2499.583959579468,3143.628764152527,1.0194096215011654,1.093806895604081,0.0
512,4096,4096,v2_packed_gemm,2358.1279516220093,2759.6288323402405,2412.816047668457,2944.870412349701,2248.703956604004,2741.760003566742,2499.583959579468,3143.628764152527,0.9773343284502382,1.0486609163009868,0.140625
512,4096,4096,v3_packed_float4_post,2240.6399250030518,2786.6623997688293,2412.816047668457,2944.870412349701,2248.703956604004,2741.760003566742,2499.583959579468,3143.628764152527,0.9286410073276071,0.9964139203040624,0.140625