m,k,n,variant,ours_median_us,ours_p95_us,torch_prealloc_median_us,torch_prealloc_p95_us,torch_alloc_median_us,torch_alloc_p95_us,ratio_vs_torch_prealloc,ratio_vs_torch_alloc,max_abs_error
32,128,256,v0_scalar_epilogue,19.247999414801598,20.10559998452663,18.192000687122345,23.048000037670132,19.311999902129173,25.29759956523776,1.0580474212727338,0.9966859730917604,0.0
32,128,256,v1_float4_epilogue,19.216000102460384,19.843200035393238,18.192000687122345,23.048000037670132,19.311999902129173,25.29759956523776,1.0562884441876095,0.9950290078627121,0.0
128,512,512,v0_scalar_epilogue,23.552000522613525,24.57600086927414,22.19199948012829,23.054400272667408,23.552000522613525,25.075200572609898,1.0612833937610282,1.0,0.0
128,512,512,v1_float4_epilogue,23.552000522613525,26.726399734616272,22.19199948012829,23.054400272667408,23.552000522613525,25.075200572609898,1.0612833937610282,1.0,0.0
128,1024,4096,v0_scalar_epilogue,79.8719972372055,81.79519698023796,78.84799689054489,80.73119968175888,80.70399984717369,81.35359697043896,1.012987017895738,0.989690689289952,0.0
128,1024,4096,v1_float4_epilogue,79.53600212931633,83.45439806580544,78.84799689054489,80.73119968175888,80.70399984717369,81.35359697043896,1.0087257161361565,0.9855273874892303,0.0
512,1024,4096,v0_scalar_epilogue,294.9120104312897,295.9359884262085,272.38398790359497,292.6111936569214,253.87200713157654,274.4320034980774,1.0827068532958994,1.161656276181891,0.0
512,1024,4096,v1_float4_epilogue,287.6800000667572,291.37919694185257,272.38398790359497,292.6111936569214,253.87200713157654,274.4320034980774,1.0561560621859165,1.1331694396604297,0.0
512,4096,4096,v0_scalar_epilogue,1157.1199893951416,1197.9056000709534,1163.7760400772095,1192.851197719574,933.8400065898895,946.0463881492615,0.9942806429649245,1.2390987548505286,0.0
512,4096,4096,v1_float4_epilogue,1155.0719738006592,1172.2767651081085,1163.7760400772095,1192.851197719574,933.8400065898895,946.0463881492615,0.9925208408002859,1.2369056429897922,0.0