m,k,n,variant,gelu_semantics,ours_median_us,ours_p95_us,torch_prealloc_median_us,torch_prealloc_p95_us,torch_alloc_exact_median_us,torch_alloc_exact_p95_us,ratio_vs_matching_torch_prealloc,max_abs_error
32,128,256,v0_scalar_epilogue,exact,17.455999739468098,18.59039980918169,18.432000651955605,26.076800096780048,19.45599913597107,23.13440069556236,0.9470485634784331,0.0
32,128,256,v1_float4_epilogue,exact,17.40800030529499,18.678400479257107,18.432000651955605,26.076800096780048,19.45599913597107,23.13440069556236,0.9444444276019506,0.0
32,128,256,v2_cublaslt_fused,tanh_approx,15.279999934136868,15.427200123667717,18.496000207960606,21.683199796825647,19.45599913597107,23.13440069556236,0.8261245546245407,9.5367431640625e-06
32,128,256,v3_cublaslt_cached,tanh_approx,15.359999611973763,17.307200375944376,18.496000207960606,21.683199796825647,19.45599913597107,23.13440069556236,0.8304497966734926,9.5367431640625e-06
32,128,256,v4_cublaslt_heuristic,tanh_approx,15.359999611973763,21.22880043461919,18.496000207960606,21.683199796825647,19.45599913597107,23.13440069556236,0.8304497966734926,5.245208740234375e-06
32,128,256,v5_cublaslt_autotuned,tanh_approx,15.359999611973763,16.40160009264946,18.496000207960606,21.683199796825647,19.45599913597107,23.13440069556236,0.8304497966734926,9.5367431640625e-06
32,128,256,v6_cublaslt_robust_autotune,tanh_approx,15.359999611973763,16.40480011701584,18.496000207960606,21.683199796825647,19.45599913597107,23.13440069556236,0.8304497966734926,9.5367431640625e-06
128,512,512,v0_scalar_epilogue,exact,21.503999829292297,22.968000452965498,19.66400071978569,21.24639935791492,21.503999829292297,23.26400000602007,1.0935719610534402,0.0
128,512,512,v1_float4_epilogue,exact,21.503999829292297,22.456000465899706,19.66400071978569,21.24639935791492,21.503999829292297,23.26400000602007,1.0935719610534402,0.0
128,512,512,v2_cublaslt_fused,tanh_approx,21.104000508785248,21.503999829292297,19.487999379634857,21.504000108689063,21.503999829292297,23.26400000602007,1.0829228848826384,3.0517578125e-05
128,512,512,v3_cublaslt_cached,tanh_approx,21.247999742627144,22.441600356251,19.487999379634857,21.504000108689063,21.503999829292297,23.26400000602007,1.0903120083650815,3.0517578125e-05
128,512,512,v4_cublaslt_heuristic,tanh_approx,19.45599913597107,20.336000062525272,19.487999379634857,21.504000108689063,21.503999829292297,23.26400000602007,0.9983579513196604,5.245208740234375e-06
128,512,512,v5_cublaslt_autotuned,tanh_approx,18.432000651955605,19.45599913597107,19.487999379634857,21.504000108689063,21.503999829292297,23.26400000602007,0.9458128714442191,2.288818359375e-05
128,512,512,v6_cublaslt_robust_autotune,tanh_approx,19.023999571800232,19.45599913597107,19.487999379634857,21.504000108689063,21.503999829292297,23.26400000602007,0.9761904852932461,2.288818359375e-05
128,1024,4096,v0_scalar_epilogue,exact,68.60800087451935,70.03680020570755,67.391999065876,68.47839988768101,68.60800087451935,69.63200122117996,1.0180437117981127,0.0
128,1024,4096,v1_float4_epilogue,exact,68.28799843788147,71.21920175850391,67.391999065876,68.47839988768101,68.60800087451935,69.63200122117996,1.013295337494435,0.0
128,1024,4096,v2_cublaslt_fused,tanh_approx,79.8719972372055,82.90240056812763,67.50399991869926,68.42079944908619,68.60800087451935,69.63200122117996,1.1832187327180916,0.0001983642578125
128,1024,4096,v3_cublaslt_cached,tanh_approx,78.87999713420868,79.82879690825939,67.50399991869926,68.42079944908619,68.60800087451935,69.63200122117996,1.168523305718335,0.0001983642578125
128,1024,4096,v4_cublaslt_heuristic,tanh_approx,68.39999929070473,69.20159794390202,67.50399991869926,68.42079944908619,68.60800087451935,69.63200122117996,1.013273278221803,5.364418029785156e-06
128,1024,4096,v5_cublaslt_autotuned,tanh_approx,74.75200295448303,75.77600330114365,67.50399991869926,68.42079944908619,68.60800087451935,69.63200122117996,1.1073714601284834,0.0001220703125
128,1024,4096,v6_cublaslt_robust_autotune,tanh_approx,74.97599720954895,75.84639973938465,67.50399991869926,68.42079944908619,68.60800087451935,69.63200122117996,1.1106896969046107,0.0001220703125
512,1024,4096,v0_scalar_epilogue,exact,296.9599962234497,297.96960055828094,266.2400007247925,267.2640085220337,249.85599517822266,250.8335918188095,1.115384598163414,0.0
512,1024,4096,v1_float4_epilogue,exact,289.792001247406,292.77438670396805,266.2400007247925,267.2640085220337,249.85599517822266,250.8335918188095,1.0884615401836586,0.0
512,1024,4096,v2_cublaslt_fused,tanh_approx,278.3519923686981,280.1152005791664,293.88800263404846,295.78880965709686,249.85599517822266,250.8335918188095,0.9471362895861527,5.4836273193359375e-06
512,1024,4096,v3_cublaslt_cached,tanh_approx,273.4079957008362,274.30400252342224,293.88800263404846,295.78880965709686,249.85599517822266,250.8335918188095,0.9303135658834153,5.4836273193359375e-06
512,1024,4096,v4_cublaslt_heuristic,tanh_approx,283.6480140686035,285.235196352005,293.88800263404846,295.78880965709686,249.85599517822266,250.8335918188095,0.9651568336452446,5.4836273193359375e-06
512,1024,4096,v5_cublaslt_autotuned,tanh_approx,272.38398790359497,276.4799892902374,293.88800263404846,295.78880965709686,249.85599517822266,250.8335918188095,0.9268292188258176,0.00019073486328125
512,1024,4096,v6_cublaslt_robust_autotune,tanh_approx,290.94401001930237,293.92000287771225,293.88800263404846,295.78880965709686,249.85599517822266,250.8335918188095,0.9899826036164805,0.00019073486328125
512,4096,4096,v0_scalar_epilogue,exact,1145.8079814910889,1183.846354484558,1185.7919692993164,1201.3215601444244,1188.86399269104,1221.6320037841797,0.9662807736572427,0.0
512,4096,4096,v1_float4_epilogue,exact,1168.2080030441284,1192.0527935028076,1185.7919692993164,1201.3215601444244,1188.86399269104,1221.6320037841797,0.9851711204743794,0.0
512,4096,4096,v2_cublaslt_fused,tanh_approx,1249.2799758911133,1317.3199892044065,1186.8159770965576,1202.1759748458862,1188.86399269104,1221.6320037841797,1.0526315789473684,0.0008544921875
512,4096,4096,v3_cublaslt_cached,tanh_approx,1180.6720495224,1191.424012184143,1186.8159770965576,1202.1759748458862,1188.86399269104,1221.6320037841797,0.9948231843076563,0.0008544921875
512,4096,4096,v4_cublaslt_heuristic,tanh_approx,1260.5759501457214,1267.110425233841,1186.8159770965576,1202.1759748458862,1188.86399269104,1221.6320037841797,1.0621494608031914,5.364418029785156e-06
512,4096,4096,v5_cublaslt_autotuned,tanh_approx,1219.6159958839417,1267.251193523407,1186.8159770965576,1202.1759748458862,1188.86399269104,1221.6320037841797,1.0276369878905964,5.364418029785156e-06
512,4096,4096,v6_cublaslt_robust_autotune,tanh_approx,1167.3599481582642,1209.41122174263,1186.8159770965576,1202.1759748458862,1188.86399269104,1221.6320037841797,0.9836065326775505,5.364418029785156e-06