m,k,n,variant,ours_median_us,ours_p95_us,torch_prealloc_median_us,torch_prealloc_p95_us,torch_alloc_median_us,torch_alloc_p95_us,ratio_vs_torch_prealloc,max_abs_error
32,128,256,v0_scalar_post,27.375999838113785,28.070400189608335,24.815999902784824,28.211200237274166,26.623999699950218,29.340800363570448,1.1031592498935205,0.0
32,128,256,v1_float4_post,27.648000046610832,30.36159994080662,24.815999902784824,28.211200237274166,26.623999699950218,29.340800363570448,1.1141199288733155,0.0
128,512,512,v0_scalar_post,35.840000957250595,38.4511997923255,33.79200026392937,36.40320114791393,34.81600061058998,35.840000957250595,1.0606060806500208,0.0
128,512,512,v1_float4_post,35.840000957250595,37.801600992679596,33.79200026392937,36.40320114791393,34.81600061058998,35.840000957250595,1.0606060806500208,0.0
128,1024,4096,v0_scalar_post,147.45600521564484,150.4096046090126,146.41600102186203,147.4736012518406,147.45600521564484,151.65439918637276,1.007103077440474,0.0
128,1024,4096,v1_float4_post,160.5599969625473,161.79199516773224,146.41600102186203,147.4736012518406,147.45600521564484,151.65439918637276,1.096601435922112,0.0
512,1024,4096,v0_scalar_post,590.9440219402313,599.9248057603836,531.4559936523438,546.0992127656937,567.296028137207,601.2415826320648,1.1119340622712068,0.0
512,1024,4096,v1_float4_post,571.3919997215271,577.3776024580002,531.4559936523438,546.0992127656937,567.296028137207,601.2415826320648,1.0751445209879555,0.0
512,4096,4096,v0_scalar_post,2474.575996398926,3089.2415285110474,2383.2640647888184,3003.494381904602,2393.0879831314087,2997.350335121155,1.0383138121197655,0.0
512,4096,4096,v1_float4_post,2516.800045967102,3129.5999884605408,2383.2640647888184,3003.494381904602,2393.0879831314087,2997.350335121155,1.0560307114730554,0.0