rows,cols,decision,runs,min_speedup,max_speedup,threshold,min_runs
128,128,v2_warp_shuffle,2,0.9650537634408601,1.0,1.05,2
128,512,v2_warp_shuffle,2,0.9922680412371134,1.0,1.05,2
128,1024,v2_warp_shuffle,2,1.005148005148005,1.0286458333333333,1.05,2
128,4096,v4_float4_io,2,1.3791157102539982,1.4070880383687716,1.05,2
128,8192,v4_float4_io,2,1.4230769981971154,1.4230769981971154,1.05,2
256,4096,v4_float4_io,2,1.2534653465346535,1.256601261002031,1.05,2
256,8192,v4_float4_io,2,1.1784156976744187,1.180232580850291,1.05,2
512,4096,v4_float4_io,2,1.1805117380715096,1.1839488636363638,1.05,2
512,8192,v4_float4_io,2,1.1558935717680607,1.156773247241248,1.05,2
1024,128,v2_warp_shuffle,2,1.0,1.025974025974026,1.05,2
1024,512,v4_float4_io,2,1.109375,1.1176470013786763,1.05,2
1024,1024,v2_warp_shuffle,2,1.0165183846886912,1.052393313389392,1.05,2
1024,4096,v2_warp_shuffle,2,1.0222401817408031,1.0228605986099106,1.05,2
1536,512,v4_float4_io,2,1.059101654846336,1.0675138469264374,1.05,2
1536,1024,v4_float4_io,2,1.0533666492123845,1.0645161290322582,1.05,2
2048,512,v2_warp_shuffle,2,1.006553120904325,1.0371371117488184,1.05,2
2048,1024,v2_warp_shuffle,2,0.925357206489161,0.9323120531775928,1.05,2
2048,4096,v2_warp_shuffle,2,0.9993206451117956,0.9998867470585636,1.05,2