operator,variant,dtype,rows,cols,median_us,p95_us,torch_median_us,torch_p95_us,slowdown_vs_torch,max_abs_error
layernorm,v0_serial_row,float32,1,128,18.256,19.456,11.264,13.117,1.621,4.76837158203125e-07
layernorm,v1_block_shared,float32,1,128,11.392,14.336,11.264,13.117,1.011,4.76837158203125e-07
layernorm,v2_warp_shuffle,float32,1,128,12.224,13.312,11.264,13.117,1.085,1.1920928955078125e-07
layernorm,v3_welford,float32,1,128,12.608,13.317,11.264,13.117,1.119,4.76837158203125e-07
layernorm,v4_float4_io,float32,1,128,12.224,13.248,11.264,13.117,1.085,4.76837158203125e-07
layernorm,v0_serial_row,float32,32,128,31.904,32.768,11.36,12.334,2.808,9.5367431640625e-07
layernorm,v1_block_shared,float32,32,128,12.256,13.155,11.36,12.334,1.079,9.5367431640625e-07
layernorm,v2_warp_shuffle,float32,32,128,12.16,12.483,11.36,12.334,1.07,9.5367431640625e-07
layernorm,v3_welford,float32,32,128,12.064,12.44,11.36,12.334,1.062,9.5367431640625e-07
layernorm,v4_float4_io,float32,32,128,11.616,12.322,11.36,12.334,1.023,4.76837158203125e-07
layernorm,v0_serial_row,float32,128,128,52.272,53.248,11.2,11.266,4.667,1.430511474609375e-06
layernorm,v1_block_shared,float32,128,128,11.264,12.288,11.2,11.266,1.006,9.5367431640625e-07
layernorm,v2_warp_shuffle,float32,128,128,11.264,11.906,11.2,11.266,1.006,9.5367431640625e-07
layernorm,v3_welford,float32,128,128,11.264,13.323,11.2,11.266,1.006,9.5367431640625e-07
layernorm,v4_float4_io,float32,128,128,11.264,12.099,11.2,11.266,1.006,9.5367431640625e-07
layernorm,v0_serial_row,float32,128,512,187.392,188.448,11.248,12.512,16.66,2.384185791015625e-06
layernorm,v1_block_shared,float32,128,512,11.232,12.288,11.248,12.512,0.999,1.430511474609375e-06
layernorm,v2_warp_shuffle,float32,128,512,11.136,11.392,11.248,12.512,0.99,9.5367431640625e-07
layernorm,v3_welford,float32,128,512,11.264,12.197,11.248,12.512,1.001,9.5367431640625e-07
layernorm,v4_float4_io,float32,128,512,11.312,14.09,11.248,12.512,1.006,9.5367431640625e-07
layernorm,v0_serial_row,float32,128,1024,368.448,370.624,11.264,11.448,32.71,4.76837158203125e-06
layernorm,v1_block_shared,float32,128,1024,11.264,12.541,11.264,11.448,1.0,1.9073486328125e-06
layernorm,v2_warp_shuffle,float32,128,1024,11.264,13.595,11.264,11.448,1.0,1.430511474609375e-06
layernorm,v3_welford,float32,128,1024,11.264,12.099,11.264,11.448,1.0,9.5367431640625e-07
layernorm,v4_float4_io,float32,128,1024,11.264,12.014,11.264,11.448,1.0,1.430511474609375e-06
layernorm,v0_serial_row,float32,128,4096,1076.352,1322.835,13.184,13.346,81.641,1.049041748046875e-05
layernorm,v1_block_shared,float32,128,4096,14.976,15.36,13.184,13.346,1.136,1.430511474609375e-06
layernorm,v2_warp_shuffle,float32,128,4096,14.304,15.056,13.184,13.346,1.085,1.430511474609375e-06
layernorm,v3_welford,float32,128,4096,14.336,15.17,13.184,13.346,1.087,1.430511474609375e-06
layernorm,v4_float4_io,float32,128,4096,11.264,12.106,13.184,13.346,0.854,1.430511474609375e-06
layernorm,v0_serial_row,float32,1024,128,41.984,42.688,11.264,11.571,3.727,1.9073486328125e-06
layernorm,v1_block_shared,float32,1024,128,14.336,15.202,11.264,11.571,1.273,9.5367431640625e-07
layernorm,v2_warp_shuffle,float32,1024,128,11.296,12.288,11.264,11.571,1.003,9.5367431640625e-07
layernorm,v3_welford,float32,1024,128,12.512,13.312,11.264,11.571,1.111,1.1920928955078125e-06
layernorm,v4_float4_io,float32,1024,128,11.52,12.288,11.264,11.571,1.023,9.5367431640625e-07
layernorm,v0_serial_row,float32,1024,512,142.528,144.069,11.264,13.157,12.653,3.814697265625e-06
layernorm,v1_block_shared,float32,1024,512,15.36,16.323,11.264,13.157,1.364,1.430511474609375e-06
layernorm,v2_warp_shuffle,float32,1024,512,12.512,15.026,11.264,13.157,1.111,1.9073486328125e-06
layernorm,v3_welford,float32,1024,512,14.336,15.203,11.264,13.157,1.273,1.9073486328125e-06
layernorm,v4_float4_io,float32,1024,512,11.888,13.376,11.264,13.157,1.055,1.9073486328125e-06
layernorm,v0_serial_row,float32,1024,4096,1083.392,1156.198,25.6,26.533,42.32,1.239776611328125e-05
layernorm,v1_block_shared,float32,1024,4096,34.816,35.888,25.6,26.533,1.36,1.9073486328125e-06
layernorm,v2_warp_shuffle,float32,1024,4096,31.84,32.768,25.6,26.533,1.244,1.9073486328125e-06
layernorm,v3_welford,float32,1024,4096,30.992,33.011,25.6,26.533,1.211,1.9073486328125e-06
layernorm,v4_float4_io,float32,1024,4096,25.456,26.21,25.6,26.533,0.994,1.9073486328125e-06
layernorm,v0_serial_row,float32,128,8192,2337.792,2493.798,15.392,16.256,151.884,1.239776611328125e-05
layernorm,v1_block_shared,float32,128,8192,20.032,20.483,15.392,16.256,1.301,1.9073486328125e-06
layernorm,v2_warp_shuffle,float32,128,8192,19.456,21.506,15.392,16.256,1.264,1.9073486328125e-06
layernorm,v3_welford,float32,128,8192,19.968,20.48,15.392,16.256,1.297,1.9073486328125e-06
layernorm,v4_float4_io,float32,128,8192,13.312,14.336,15.392,16.256,0.865,1.9073486328125e-06