rows,cols,variant,rounds,repeats_per_round,flush_mib,median_us,mean_us,stdev_us,p10_us,p90_us,cv,speedup_vs_v2
128,128,v2_warp_shuffle,7,80,64,11.488,11.634286,0.375396,11.3696,12.144,0.032266,1.0
128,128,v4_float4_io,7,80,64,11.904,11.851429,0.295995,11.5392,12.1728,0.024975,0.965054
128,512,v2_warp_shuffle,7,80,64,12.32,12.427429,0.230332,12.288,12.6496,0.018534,1.0
128,512,v4_float4_io,7,80,64,12.416,12.450286,0.123393,12.3072,12.5792,0.009911,0.992268
128,1024,v2_warp_shuffle,7,80,64,12.496,12.548571,0.170011,12.4512,12.688,0.013548,1.0
128,1024,v4_float4_io,7,80,64,12.432,12.448,0.11238,12.3456,12.56,0.009028,1.005148
128,4096,v2_warp_shuffle,7,80,64,23.456,23.460572,0.063137,23.3952,23.5328,0.002691,1.0
128,4096,v4_float4_io,7,80,64,17.008,16.893714,0.282832,16.528,17.1072,0.016742,1.379116
128,8192,v2_warp_shuffle,7,80,64,37.888002,37.817144,0.13509,37.6608,37.888002,0.003572,1.0
128,8192,v4_float4_io,7,80,64,26.624,26.603428,0.035435,26.5536,26.624,0.001332,1.423077
1024,128,v2_warp_shuffle,7,80,64,12.288,12.306286,0.048379,12.288,12.3392,0.003931,1.0
1024,128,v4_float4_io,7,80,64,12.288,12.336,0.126996,12.288,12.4224,0.010295,1.0
1024,512,v2_warp_shuffle,7,80,64,19.312,19.289143,0.111181,19.161601,19.424,0.005764,1.0
1024,512,v4_float4_io,7,80,64,17.408,17.398857,0.02419,17.3824,17.408,0.00139,1.109375
1024,1024,v2_warp_shuffle,7,80,64,26.032001,26.089143,0.334455,25.759999,26.4992,0.01282,1.0
1024,1024,v4_float4_io,7,80,64,24.736,24.838857,0.282444,24.6112,25.1488,0.011371,1.052393
1024,4096,v2_warp_shuffle,7,80,64,80.895998,80.877712,0.063617,80.831999,80.908798,0.000787,1.0
1024,4096,v4_float4_io,7,80,64,79.135999,79.259427,0.392214,78.847997,79.759999,0.004948,1.02224
2048,4096,v2_warp_shuffle,7,80,64,141.216002,141.18857,0.11892,141.049594,141.312003,0.000842,1.0
2048,4096,v4_float4_io,7,80,64,141.312003,141.378286,0.356504,141.036803,141.827194,0.002522,0.999321