operator,variant,dtype,cache_mode,l2_bytes,flush_bytes,n,bytes_read,median_us,p50_us,p95_us,logical_input_gbps,torch_median_us,torch_p95_us,slowdown_vs_torch,abs_error,rel_error
reduction_sum,v2_shared_memory,float32,cold,67108864,134217728,1024,4096,4.096,4.096,5.12,1.0,4.912,5.683,0.834,0.0,0.0
reduction_sum,v3_warp_shuffle,float32,cold,67108864,134217728,1024,4096,4.096,4.096,5.12,1.0,4.912,5.683,0.834,0.0,0.0
reduction_sum,v2_shared_memory,float32,cold,67108864,134217728,16384,65536,4.592,4.592,5.12,14.271777,7.168,8.192,0.641,0.0009765625,1.203345686077916e-07
reduction_sum,v3_warp_shuffle,float32,cold,67108864,134217728,16384,65536,4.288,4.288,5.12,15.283582,7.168,8.192,0.598,0.00048828125,6.01672843038958e-08
reduction_sum,v2_shared_memory,float32,cold,67108864,134217728,262144,1048576,8.192,8.192,8.55,128.0,10.24,11.264,0.8,0.015625,1.1942836805912183e-07
reduction_sum,v3_warp_shuffle,float32,cold,67108864,134217728,262144,1048576,7.28,7.28,8.192,144.035164,10.24,11.264,0.711,0.0078125,5.971418402956091e-08
reduction_sum,v2_shared_memory,float32,cold,67108864,134217728,4194304,16777216,47.104,47.104,48.128,356.173905,48.128,49.152,0.979,0.75,3.57612692103578e-07
reduction_sum,v3_warp_shuffle,float32,cold,67108864,134217728,4194304,16777216,48.944,48.944,56.018,342.783915,48.128,49.152,1.017,1.0,4.7681692280477067e-07
reduction_sum,v2_shared_memory,float32,cold,67108864,134217728,16777216,67108864,177.152,177.152,178.176,378.820824,171.008,172.806,1.036,2.0,2.384144864456596e-07
reduction_sum,v3_warp_shuffle,float32,cold,67108864,134217728,16777216,67108864,178.176,178.176,181.811,376.643677,171.008,172.806,1.042,0.0,0.0
