operator,variant,dtype,cache_mode,l2_bytes,flush_bytes,input_ptr_mod16,n,bytes_read,median_us,p50_us,p95_us,logical_input_gbps,torch_median_us,torch_p95_us,slowdown_vs_torch,abs_error,rel_error
reduction_sum,v3_warp_shuffle,float32,hot,67108864,0,0,1024,4096,13.216,13.216,14.206,0.309927,10.736,12.158,1.231,0.0,0.0
reduction_sum,v4_float4,float32,hot,67108864,0,0,1024,4096,12.64,12.64,16.024,0.324051,10.736,12.158,1.177,0.0,0.0
reduction_sum,v3_warp_shuffle,float32,hot,67108864,0,0,16384,65536,12.496,12.496,13.312,5.244558,10.24,11.264,1.22,0.0009765625,1.203345686077916e-07
reduction_sum,v4_float4,float32,hot,67108864,0,0,16384,65536,12.8,12.8,13.33,5.12,10.24,11.264,1.25,0.0,0.0
reduction_sum,v3_warp_shuffle,float32,hot,67108864,0,0,262144,1048576,12.288,12.288,15.318,85.33333,11.424,12.288,1.076,0.0,0.0
reduction_sum,v4_float4,float32,hot,67108864,0,0,262144,1048576,12.288,12.288,14.322,85.33333,11.424,12.288,1.076,0.0390625,2.9857092014780456e-07
reduction_sum,v3_warp_shuffle,float32,hot,67108864,0,0,4194304,16777216,17.392,17.392,18.75,964.651324,16.24,17.408,1.071,1.0,4.7681692280477067e-07
reduction_sum,v4_float4,float32,hot,67108864,0,0,4194304,16777216,16.272,16.272,19.398,1031.048179,16.24,17.408,1.002,0.75,3.57612692103578e-07
reduction_sum,v3_warp_shuffle,float32,hot,67108864,0,0,16777216,67108864,40.704,40.704,98.541,1648.704372,33.792,34.816,1.205,1.0,1.192072432228298e-07
reduction_sum,v4_float4,float32,hot,67108864,0,0,16777216,67108864,33.792,33.792,34.869,1985.939378,33.792,34.816,1.0,3.0,3.5762172966848943e-07
