operator,variant,dtype,n,bytes_read,median_us,p50_us,p95_us,effective_gbps,torch_median_us,torch_p95_us,slowdown_vs_torch,abs_error,rel_error
reduction_sum,v0_serial,float32,1024,4096,30.576,30.576,31.405,0.133961,11.488,12.544,2.662,0.0,0.0
reduction_sum,v1_parallel_atomic,float32,1024,4096,13.504,13.504,55.035,0.303318,11.488,12.544,1.175,0.000244140625,4.670697166941926e-07
reduction_sum,v0_serial,float32,16384,65536,367.616,367.616,368.789,0.178273,10.368,11.31,35.457,0.033203125,4.091375332664915e-06
reduction_sum,v1_parallel_atomic,float32,16384,65536,35.536,35.536,35.84,1.844214,10.368,11.31,3.427,0.0185546875,2.286356803548041e-06
reduction_sum,v0_serial,float32,262144,1048576,5842.944,5842.944,8684.154,0.17946,12.288,13.09,475.5,0.4375,3.343994305655411e-06
reduction_sum,v1_parallel_atomic,float32,262144,1048576,384.0,384.0,386.093,2.730667,12.288,13.09,31.25,0.3828125,2.9259950174484845e-06
reduction_sum,v0_serial,float32,4194304,16777216,82612.225,82612.225,149680.85,0.203084,15.36,19.294,5378.4,44.75,2.1337557295513488e-05
reduction_sum,v1_parallel_atomic,float32,4194304,16777216,384.224,384.224,394.098,43.665194,15.36,19.294,25.015,6.5,3.0993099982310094e-06
reduction_sum,v0_serial,float32,16777216,67108864,608578.979,608578.979,611071.582,0.110271,29.696,30.96,20493.634,557.0,6.63984344751162e-05
reduction_sum,v1_parallel_atomic,float32,16777216,67108864,393.216,393.216,441.446,170.666661,29.696,30.96,13.241,70.0,8.344507025598086e-06
