rows,cols,decision,min_speedup,max_speedup,runs,threshold
128,4096,v2_warp_shuffle,0.9933460076045626,1.0087548638132295,2,1.05
128,8192,v3_float4_io,1.4347825477758769,1.4347825477758769,2,1.05
512,4096,v3_float4_io,1.1700148577008929,1.181175571986607,2,1.05
512,8192,v3_float4_io,1.0511719006633764,1.0512319387184177,2,1.05
1024,512,v3_float4_io,1.2307692307692308,1.2704714640198511,2,1.05
1024,1024,v2_warp_shuffle,1.0288784419073203,1.0434782590235114,2,1.05
1024,4096,v2_warp_shuffle,1.0389582792209229,1.041562211738664,2,1.05
1024,8192,v2_warp_shuffle,0.9970845481049564,0.998916099924828,2,1.05
1280,8192,v2_warp_shuffle,0.9571057862613852,0.9597701432304566,2,1.05
1536,512,v2_warp_shuffle,0.9110378443658441,0.9342105743323691,2,1.05
1536,1024,v2_warp_shuffle,1.047034764826176,1.06666670138889,2,1.05
1536,4096,v2_warp_shuffle,0.9722222131799768,0.9747606700529566,2,1.05
1536,8192,v2_warp_shuffle,0.9781636836369743,0.9793154573969072,2,1.05
2048,4096,v2_warp_shuffle,0.989653642028049,0.9904409016655674,2,1.05