operator,variant,dtype,rows,cols,elements,logical_io_bytes,median_us,p50_us,p95_us,logical_io_gbps,torch_median_us,torch_p95_us,slowdown_vs_torch,max_abs_error
rmsnorm,v0_serial_row,float32,128,512,65536,786432,143.152,143.152,144.418,5.493685,26.128,33.845,5.479,2.86102294921875e-06
rmsnorm,v1_block_shared,float32,128,512,65536,786432,11.264,11.264,12.515,69.818181,26.128,33.845,0.431,9.5367431640625e-07
rmsnorm,v2_warp_shuffle,float32,128,512,65536,786432,11.232,11.232,12.947,70.017095,26.128,33.845,0.43,1.430511474609375e-06
rmsnorm,v3_float4_io,float32,128,512,65536,786432,11.264,11.264,12.368,69.818181,26.128,33.845,0.431,9.5367431640625e-07
rmsnorm,v0_serial_row,float32,256,512,131072,1572864,140.288,140.288,141.312,11.211679,25.776,27.845,5.443,3.814697265625e-06
rmsnorm,v1_block_shared,float32,256,512,131072,1572864,10.576,10.576,11.27,148.720121,25.776,27.845,0.41,1.430511474609375e-06
rmsnorm,v2_warp_shuffle,float32,256,512,131072,1572864,11.024,11.024,13.363,142.676341,25.776,27.845,0.428,1.430511474609375e-06
rmsnorm,v3_float4_io,float32,256,512,131072,1572864,10.976,10.976,12.106,143.300295,25.776,27.845,0.426,1.9073486328125e-06
rmsnorm,v0_serial_row,float32,512,512,262144,3145728,141.552,141.552,143.36,22.223126,25.216,29.696,5.614,3.814697265625e-06
rmsnorm,v1_block_shared,float32,512,512,262144,3145728,11.264,11.264,12.098,279.272725,25.216,29.696,0.447,1.430511474609375e-06
rmsnorm,v2_warp_shuffle,float32,512,512,262144,3145728,10.96,10.96,11.264,287.018975,25.216,29.696,0.435,9.5367431640625e-07
rmsnorm,v3_float4_io,float32,512,512,262144,3145728,11.008,11.008,11.264,285.767442,25.216,29.696,0.437,1.430511474609375e-06
rmsnorm,v0_serial_row,float32,1024,512,524288,6291456,139.072,139.072,140.258,45.23884,25.648,27.686,5.422,3.337860107421875e-06
rmsnorm,v1_block_shared,float32,1024,512,524288,6291456,13.28,13.28,13.984,473.754231,25.648,27.686,0.518,1.430511474609375e-06
rmsnorm,v2_warp_shuffle,float32,1024,512,524288,6291456,11.76,11.76,16.392,534.98777,25.648,27.686,0.459,1.430511474609375e-06
rmsnorm,v3_float4_io,float32,1024,512,524288,6291456,11.264,11.264,12.162,558.54545,25.648,27.686,0.439,1.430511474609375e-06
rmsnorm,v0_serial_row,float32,1536,512,786432,9437184,139.168,139.168,140.032,67.811454,27.488,28.672,5.063,3.814697265625e-06
rmsnorm,v1_block_shared,float32,1536,512,786432,9437184,15.36,15.36,16.162,614.400016,27.488,28.672,0.559,1.9073486328125e-06
rmsnorm,v2_warp_shuffle,float32,1536,512,786432,9437184,13.312,13.312,14.019,708.923085,27.488,28.672,0.484,1.9073486328125e-06
rmsnorm,v3_float4_io,float32,1536,512,786432,9437184,12.288,12.288,12.661,767.999973,27.488,28.672,0.447,1.9073486328125e-06
rmsnorm,v0_serial_row,float32,2048,512,1048576,12582912,139.168,139.168,140.298,90.415272,28.672,32.893,4.854,3.814697265625e-06
rmsnorm,v1_block_shared,float32,2048,512,1048576,12582912,17.52,17.52,18.432,718.202769,28.672,32.893,0.611,1.430511474609375e-06
rmsnorm,v2_warp_shuffle,float32,2048,512,1048576,12582912,14.336,14.336,15.298,877.714274,28.672,32.893,0.5,1.430511474609375e-06
rmsnorm,v3_float4_io,float32,2048,512,1048576,12582912,13.312,13.312,13.472,945.23078,28.672,32.893,0.464,1.430511474609375e-06
rmsnorm,v0_serial_row,float32,3072,512,1572864,18874368,138.24,138.24,139.874,136.533339,33.792,34.786,4.091,4.76837158203125e-06
rmsnorm,v1_block_shared,float32,3072,512,1572864,18874368,19.456,19.456,20.224,970.105306,33.792,34.786,0.576,1.9073486328125e-06
rmsnorm,v2_warp_shuffle,float32,3072,512,1572864,18874368,15.36,15.36,16.256,1228.800031,33.792,34.786,0.455,1.9073486328125e-06
rmsnorm,v3_float4_io,float32,3072,512,1572864,18874368,14.08,14.08,14.336,1340.50908,33.792,34.786,0.417,1.9073486328125e-06
rmsnorm,v0_serial_row,float32,4096,512,2097152,25165824,115.712,115.712,117.517,217.486722,34.848,35.891,3.32,4.76837158203125e-06
rmsnorm,v1_block_shared,float32,4096,512,2097152,25165824,23.552,23.552,24.13,1068.521715,34.848,35.891,0.676,1.9073486328125e-06
rmsnorm,v2_warp_shuffle,float32,4096,512,2097152,25165824,17.888,17.888,18.432,1406.855153,34.848,35.891,0.513,1.9073486328125e-06
rmsnorm,v3_float4_io,float32,4096,512,2097152,25165824,15.632,15.632,16.384,1609.891523,34.848,35.891,0.449,1.9073486328125e-06
rmsnorm,v0_serial_row,float32,128,1024,131072,1572864,223.232,223.232,225.28,7.045872,25.6,35.843,8.72,3.814697265625e-06
rmsnorm,v1_block_shared,float32,128,1024,131072,1572864,10.976,10.976,11.366,143.300295,25.6,35.843,0.429,1.430511474609375e-06
rmsnorm,v2_warp_shuffle,float32,128,1024,131072,1572864,11.04,11.04,11.299,142.469562,25.6,35.843,0.431,1.430511474609375e-06
rmsnorm,v3_float4_io,float32,128,1024,131072,1572864,11.264,11.264,11.661,139.636363,25.6,35.843,0.44,1.430511474609375e-06
rmsnorm,v0_serial_row,float32,256,1024,262144,3145728,220.864,220.864,222.208,14.242828,26.304,29.747,8.397,4.76837158203125e-06
rmsnorm,v1_block_shared,float32,256,1024,262144,3145728,10.944,10.944,11.36,287.438585,26.304,29.747,0.416,1.430511474609375e-06
rmsnorm,v2_warp_shuffle,float32,256,1024,262144,3145728,10.88,10.88,11.469,289.129413,26.304,29.747,0.414,1.430511474609375e-06
rmsnorm,v3_float4_io,float32,256,1024,262144,3145728,11.168,11.168,11.598,281.673345,26.304,29.747,0.425,1.430511474609375e-06
rmsnorm,v0_serial_row,float32,512,1024,524288,6291456,222.208,222.208,223.232,28.313365,26.352,27.589,8.432,6.67572021484375e-06
rmsnorm,v1_block_shared,float32,512,1024,524288,6291456,11.264,11.264,12.128,558.54545,26.352,27.589,0.427,1.9073486328125e-06
rmsnorm,v2_warp_shuffle,float32,512,1024,524288,6291456,11.2,11.2,11.448,561.737163,26.352,27.589,0.425,1.9073486328125e-06
rmsnorm,v3_float4_io,float32,512,1024,524288,6291456,11.264,11.264,12.008,558.54545,26.352,27.589,0.427,1.9073486328125e-06
rmsnorm,v0_serial_row,float32,1024,1024,1048576,12582912,222.208,222.208,223.6,56.62673,27.568,29.379,8.06,5.7220458984375e-06
rmsnorm,v1_block_shared,float32,1024,1024,1048576,12582912,13.872,13.872,14.336,907.072669,27.568,29.379,0.503,1.430511474609375e-06
rmsnorm,v2_warp_shuffle,float32,1024,1024,1048576,12582912,12.896,12.896,13.312,975.722054,27.568,29.379,0.468,1.9073486328125e-06
rmsnorm,v3_float4_io,float32,1024,1024,1048576,12582912,11.168,11.168,11.571,1126.693381,27.568,29.379,0.405,1.9073486328125e-06
rmsnorm,v0_serial_row,float32,1536,1024,1572864,18874368,222.512,222.512,225.218,84.824046,30.288,30.72,7.347,5.7220458984375e-06
rmsnorm,v1_block_shared,float32,1536,1024,1572864,18874368,16.384,16.384,16.965,1152.000003,30.288,30.72,0.541,1.9073486328125e-06
rmsnorm,v2_warp_shuffle,float32,1536,1024,1572864,18874368,14.496,14.496,15.36,1302.039775,30.288,30.72,0.479,1.9073486328125e-06
rmsnorm,v3_float4_io,float32,1536,1024,1572864,18874368,12.288,12.288,13.09,1535.999946,30.288,30.72,0.406,1.9073486328125e-06
rmsnorm,v0_serial_row,float32,2048,1024,2097152,25165824,222.64,222.64,224.256,113.033704,34.096,36.893,6.53,7.152557373046875e-06
rmsnorm,v1_block_shared,float32,2048,1024,2097152,25165824,18.432,18.432,19.392,1365.333285,34.096,36.893,0.541,1.430511474609375e-06
rmsnorm,v2_warp_shuffle,float32,2048,1024,2097152,25165824,16.384,16.384,17.058,1536.000004,34.096,36.893,0.481,1.430511474609375e-06
rmsnorm,v3_float4_io,float32,2048,1024,2097152,25165824,13.312,13.312,14.178,1890.46156,34.096,36.893,0.39,1.430511474609375e-06
rmsnorm,v0_serial_row,float32,3072,1024,3145728,37748736,224.24,224.24,225.574,168.34078,43.712,44.746,5.13,7.62939453125e-06
rmsnorm,v1_block_shared,float32,3072,1024,3145728,37748736,23.552,23.552,25.651,1602.782573,43.712,44.746,0.539,1.9073486328125e-06
rmsnorm,v2_warp_shuffle,float32,3072,1024,3145728,37748736,20.144,20.144,20.48,1873.94434,43.712,44.746,0.461,1.9073486328125e-06
rmsnorm,v3_float4_io,float32,3072,1024,3145728,37748736,16.288,16.288,17.0,2317.579678,43.712,44.746,0.373,1.9073486328125e-06
rmsnorm,v0_serial_row,float32,4096,1024,4194304,50331648,223.264,223.264,224.864,225.43558,54.64,55.874,4.086,6.67572021484375e-06
rmsnorm,v1_block_shared,float32,4096,1024,4194304,50331648,28.64,28.64,29.035,1757.389935,54.64,55.874,0.524,1.9073486328125e-06
rmsnorm,v2_warp_shuffle,float32,4096,1024,4194304,50331648,23.712,23.712,24.576,2122.623493,54.64,55.874,0.434,1.9073486328125e-06
rmsnorm,v3_float4_io,float32,4096,1024,4194304,50331648,18.432,18.432,19.456,2730.66657,54.64,55.874,0.337,1.9073486328125e-06
rmsnorm,v0_serial_row,float32,128,4096,524288,6291456,851.664,851.664,873.877,7.387251,25.6,27.526,33.268,8.58306884765625e-06
rmsnorm,v1_block_shared,float32,128,4096,524288,6291456,12.608,12.608,14.339,499.005073,25.6,27.526,0.493,1.430511474609375e-06
rmsnorm,v2_warp_shuffle,float32,128,4096,524288,6291456,12.288,12.288,13.312,511.999982,25.6,27.526,0.48,1.430511474609375e-06
rmsnorm,v3_float4_io,float32,128,4096,524288,6291456,12.288,12.288,13.056,511.999982,25.6,27.526,0.48,1.430511474609375e-06
rmsnorm,v0_serial_row,float32,256,4096,1048576,12582912,854.016,854.016,883.824,14.733813,28.608,30.416,29.852,8.58306884765625e-06
rmsnorm,v1_block_shared,float32,256,4096,1048576,12582912,13.312,13.312,14.336,945.23078,28.608,30.416,0.465,1.9073486328125e-06
rmsnorm,v2_warp_shuffle,float32,256,4096,1048576,12582912,13.312,13.312,13.541,945.23078,28.608,30.416,0.465,1.9073486328125e-06
rmsnorm,v3_float4_io,float32,256,4096,1048576,12582912,11.392,11.392,12.288,1104.539313,28.608,30.416,0.398,1.9073486328125e-06
rmsnorm,v0_serial_row,float32,512,4096,2097152,25165824,868.848,868.848,887.04,28.964587,36.512,37.15,23.796,1.430511474609375e-05
rmsnorm,v1_block_shared,float32,512,4096,2097152,25165824,20.48,20.48,20.782,1228.800031,36.512,37.15,0.561,1.9073486328125e-06
rmsnorm,v2_warp_shuffle,float32,512,4096,2097152,25165824,20.192,20.192,22.461,1246.326518,36.512,37.15,0.553,1.9073486328125e-06
rmsnorm,v3_float4_io,float32,512,4096,2097152,25165824,15.44,15.44,16.352,1629.910857,36.512,37.15,0.423,1.9073486328125e-06
rmsnorm,v0_serial_row,float32,1024,4096,4194304,50331648,867.36,867.36,874.814,58.028556,53.248,54.242,16.289,1.1444091796875e-05
rmsnorm,v1_block_shared,float32,1024,4096,4194304,50331648,27.648,27.648,28.421,1820.444441,53.248,54.242,0.519,1.9073486328125e-06
rmsnorm,v2_warp_shuffle,float32,1024,4096,4194304,50331648,26.624,26.624,27.331,1890.46156,53.248,54.242,0.5,1.9073486328125e-06
rmsnorm,v3_float4_io,float32,1024,4096,4194304,50331648,21.52,21.52,22.528,2338.831232,53.248,54.242,0.404,1.9073486328125e-06
rmsnorm,v0_serial_row,float32,1536,4096,6291456,75497472,868.352,868.352,979.507,86.943397,133.12,136.13,6.523,1.52587890625e-05
rmsnorm,v1_block_shared,float32,1536,4096,6291456,75497472,34.688,34.688,34.85,2176.472348,133.12,136.13,0.261,1.9073486328125e-06
rmsnorm,v2_warp_shuffle,float32,1536,4096,6291456,75497472,33.376,33.376,33.843,2262.028708,133.12,136.13,0.251,1.9073486328125e-06
rmsnorm,v3_float4_io,float32,1536,4096,6291456,75497472,27.392,27.392,28.469,2756.18692,133.12,136.13,0.206,1.9073486328125e-06
rmsnorm,v0_serial_row,float32,2048,4096,8388608,100663296,889.568,889.568,1004.544,113.159754,231.424,240.435,3.844,1.33514404296875e-05
rmsnorm,v1_block_shared,float32,2048,4096,8388608,100663296,56.32,56.32,58.381,1787.345441,231.424,240.435,0.243,1.9073486328125e-06
rmsnorm,v2_warp_shuffle,float32,2048,4096,8388608,100663296,54.272,54.272,73.779,1854.792461,231.424,240.435,0.235,1.9073486328125e-06
rmsnorm,v3_float4_io,float32,2048,4096,8388608,100663296,51.2,51.2,53.0,1966.08005,231.424,240.435,0.221,1.9073486328125e-06
rmsnorm,v0_serial_row,float32,3072,4096,12582912,150994944,991.232,991.232,1071.155,152.330582,563.984,585.728,1.758,1.430511474609375e-05
rmsnorm,v1_block_shared,float32,3072,4096,12582912,150994944,194.56,194.56,197.878,776.084186,563.984,585.728,0.345,1.9073486328125e-06
rmsnorm,v2_warp_shuffle,float32,3072,4096,12582912,150994944,194.384,194.384,205.87,776.786891,563.984,585.728,0.345,1.9073486328125e-06
rmsnorm,v3_float4_io,float32,3072,4096,12582912,150994944,191.488,191.488,194.336,788.534769,563.984,585.728,0.34,1.9073486328125e-06
rmsnorm,v0_serial_row,float32,4096,4096,16777216,201326592,1218.048,1218.048,1339.507,165.286258,843.776,859.259,1.444,1.430511474609375e-05
rmsnorm,v1_block_shared,float32,4096,4096,16777216,201326592,262.352,262.352,267.106,767.391095,843.776,859.259,0.311,1.9073486328125e-06
rmsnorm,v2_warp_shuffle,float32,4096,4096,16777216,201326592,261.12,261.12,265.221,771.01179,843.776,859.259,0.309,1.9073486328125e-06
rmsnorm,v3_float4_io,float32,4096,4096,16777216,201326592,261.952,261.952,265.446,768.562875,843.776,859.259,0.31,1.9073486328125e-06
rmsnorm,v0_serial_row,float32,128,8192,1048576,12582912,1690.48,1690.48,1764.352,7.443396,28.608,30.726,59.091,1.71661376953125e-05
rmsnorm,v1_block_shared,float32,128,8192,1048576,12582912,17.408,17.408,18.37,722.823517,28.608,30.726,0.609,1.9073486328125e-06
rmsnorm,v2_warp_shuffle,float32,128,8192,1048576,12582912,17.376,17.376,20.65,724.154694,28.608,30.726,0.607,1.430511474609375e-06
rmsnorm,v3_float4_io,float32,128,8192,1048576,12582912,12.288,12.288,13.064,1023.999964,28.608,30.726,0.43,1.430511474609375e-06
rmsnorm,v0_serial_row,float32,256,8192,2097152,25165824,1694.448,1694.448,1784.398,14.85193,35.744,36.803,47.405,1.9073486328125e-05
rmsnorm,v1_block_shared,float32,256,8192,2097152,25165824,19.456,19.456,20.192,1293.473742,35.744,36.803,0.544,1.9073486328125e-06
rmsnorm,v2_warp_shuffle,float32,256,8192,2097152,25165824,19.04,19.04,19.456,1321.734475,35.744,36.803,0.533,1.9073486328125e-06
rmsnorm,v3_float4_io,float32,256,8192,2097152,25165824,15.36,15.36,16.384,1638.400041,35.744,36.803,0.43,1.9073486328125e-06
rmsnorm,v0_serial_row,float32,512,8192,4194304,50331648,1726.464,1726.464,1933.802,29.153024,55.296,56.867,31.222,1.621246337890625e-05
rmsnorm,v1_block_shared,float32,512,8192,4194304,50331648,32.768,32.768,33.478,1536.000004,55.296,56.867,0.593,1.9073486328125e-06
rmsnorm,v2_warp_shuffle,float32,512,8192,4194304,50331648,31.744,31.744,32.547,1585.548409,55.296,56.867,0.574,1.9073486328125e-06
rmsnorm,v3_float4_io,float32,512,8192,4194304,50331648,25.52,25.52,26.37,1972.243213,55.296,56.867,0.462,1.9073486328125e-06
rmsnorm,v0_serial_row,float32,1024,8192,8388608,100663296,1786.368,1786.368,1929.437,56.350816,227.328,230.768,7.858,2.193450927734375e-05
rmsnorm,v1_block_shared,float32,1024,8192,8388608,100663296,60.208,60.208,62.499,1671.925585,227.328,230.768,0.265,1.9073486328125e-06
rmsnorm,v2_warp_shuffle,float32,1024,8192,8388608,100663296,61.056,61.056,67.981,1648.704423,227.328,230.768,0.269,1.9073486328125e-06
rmsnorm,v3_float4_io,float32,1024,8192,8388608,100663296,49.152,49.152,51.2,2047.999928,227.328,230.768,0.216,1.9073486328125e-06
rmsnorm,v0_serial_row,float32,1536,8192,12582912,150994944,1853.36,1853.36,1910.989,81.47092,583.68,595.046,3.175,1.8596649169921875e-05
rmsnorm,v1_block_shared,float32,1536,8192,12582912,150994944,193.408,193.408,199.795,780.706827,583.68,595.046,0.331,1.9073486328125e-06
rmsnorm,v2_warp_shuffle,float32,1536,8192,12582912,150994944,192.304,192.304,195.219,785.188783,583.68,595.046,0.329,1.9073486328125e-06
rmsnorm,v3_float4_io,float32,1536,8192,12582912,150994944,187.712,187.712,190.434,804.396868,583.68,595.046,0.322,1.9073486328125e-06
rmsnorm,v0_serial_row,float32,2048,8192,16777216,201326592,1940.304,1940.304,1995.834,103.760335,856.768,908.134,2.265,2.002716064453125e-05
rmsnorm,v1_block_shared,float32,2048,8192,16777216,201326592,260.352,260.352,269.773,773.286134,856.768,908.134,0.304,3.814697265625e-06
rmsnorm,v2_warp_shuffle,float32,2048,8192,16777216,201326592,257.024,257.024,263.15,783.298835,856.768,908.134,0.3,3.814697265625e-06
rmsnorm,v3_float4_io,float32,2048,8192,16777216,201326592,261.12,261.12,267.923,771.01179,856.768,908.134,0.305,3.814697265625e-06
rmsnorm,v0_serial_row,float32,3072,8192,25165824,301989888,2270.208,2270.208,2649.018,133.023004,1342.656,1399.859,1.691,2.09808349609375e-05
rmsnorm,v1_block_shared,float32,3072,8192,25165824,301989888,391.168,391.168,395.973,772.020946,1342.656,1399.859,0.291,1.9073486328125e-06
rmsnorm,v2_warp_shuffle,float32,3072,8192,25165824,301989888,388.448,388.448,395.28,777.426806,1342.656,1399.859,0.289,1.9073486328125e-06
rmsnorm,v3_float4_io,float32,3072,8192,25165824,301989888,389.296,389.296,400.138,775.733324,1342.656,1399.859,0.29,1.9073486328125e-06
rmsnorm,v0_serial_row,float32,4096,8192,33554432,402653184,2366.816,2366.816,2826.598,170.124419,1810.16,1864.653,1.308,2.193450927734375e-05
rmsnorm,v1_block_shared,float32,4096,8192,33554432,402653184,523.264,523.264,531.458,769.502949,1810.16,1864.653,0.289,1.9073486328125e-06
rmsnorm,v2_warp_shuffle,float32,4096,8192,33554432,402653184,518.144,518.144,524.978,777.106702,1810.16,1864.653,0.286,1.9073486328125e-06
rmsnorm,v3_float4_io,float32,4096,8192,33554432,402653184,522.304,522.304,542.24,770.917292,1810.16,1864.653,0.289,1.9073486328125e-06