operator,variant,dtype,rows,cols,threads_per_block,rows_per_block,elements,logical_io_bytes,median_us,p50_us,p95_us,logical_io_gbps,torch_median_us,torch_p95_us,slowdown_vs_torch,max_abs_error,max_row_sum_error
row_softmax,v3_width_aware,float32,128,32,32,1,4096,32768,10.416,10.416,12.488,3.145929,8.576,11.33,1.215,1.4901161193847656e-08,1.1920928955078125e-07
row_softmax,v4_warp_rows,float32,128,32,256,8,4096,32768,10.368,10.368,12.014,3.160494,8.576,11.33,1.209,1.4901161193847656e-08,1.1920928955078125e-07
row_softmax,v3_width_aware,float32,128,64,64,1,8192,65536,11.056,11.056,11.95,5.927641,8.192,9.218,1.35,2.9802322387695312e-08,1.7881393432617188e-07
row_softmax,v4_warp_rows,float32,128,64,256,8,8192,65536,10.624,10.624,11.984,6.168675,8.192,9.218,1.297,7.450580596923828e-09,2.384185791015625e-07
row_softmax,v3_width_aware,float32,128,128,128,1,16384,131072,10.48,10.48,11.302,12.506871,8.304,9.186,1.262,1.4901161193847656e-08,1.1920928955078125e-07
row_softmax,v4_warp_rows,float32,128,128,256,8,16384,131072,11.152,11.152,12.192,11.753228,8.304,9.186,1.343,7.450580596923828e-09,1.1920928955078125e-07
row_softmax,v3_width_aware,float32,1024,32,32,1,32768,262144,10.56,10.56,11.264,24.824242,8.192,8.96,1.289,1.4901161193847656e-08,2.384185791015625e-07
row_softmax,v4_warp_rows,float32,1024,32,256,8,32768,262144,10.24,10.24,11.318,25.600001,8.192,8.96,1.25,1.4901161193847656e-08,2.384185791015625e-07
row_softmax,v3_width_aware,float32,1024,64,64,1,65536,524288,10.496,10.496,14.034,49.95122,8.192,8.997,1.281,5.960464477539063e-08,2.384185791015625e-07
row_softmax,v4_warp_rows,float32,1024,64,256,8,65536,524288,10.368,10.368,11.264,50.567902,8.192,8.997,1.266,1.4901161193847656e-08,2.384185791015625e-07
row_softmax,v3_width_aware,float32,1024,128,128,1,131072,1048576,10.288,10.288,11.264,101.922238,8.192,8.898,1.256,2.9802322387695312e-08,2.384185791015625e-07
row_softmax,v4_warp_rows,float32,1024,128,256,8,131072,1048576,10.24,10.24,10.979,102.400003,8.192,8.898,1.25,7.450580596923828e-09,2.384185791015625e-07
row_softmax,v3_width_aware,float32,4096,32,32,1,131072,1048576,11.024,11.024,11.264,95.117561,8.016,8.192,1.375,1.4901161193847656e-08,2.384185791015625e-07
row_softmax,v4_warp_rows,float32,4096,32,256,8,131072,1048576,10.24,10.24,11.306,102.400003,8.016,8.192,1.277,1.4901161193847656e-08,2.384185791015625e-07
row_softmax,v3_width_aware,float32,4096,64,64,1,262144,2097152,11.264,11.264,14.296,186.181817,8.16,8.328,1.38,5.960464477539063e-08,2.384185791015625e-07
row_softmax,v4_warp_rows,float32,4096,64,256,8,262144,2097152,10.576,10.576,12.106,198.293495,8.16,8.328,1.296,1.4901161193847656e-08,2.384185791015625e-07
row_softmax,v3_width_aware,float32,4096,128,128,1,524288,4194304,14.336,14.336,15.33,292.571425,8.688,9.987,1.65,5.960464477539063e-08,2.384185791015625e-07
row_softmax,v4_warp_rows,float32,4096,128,256,8,524288,4194304,11.136,11.136,11.984,376.643677,8.688,9.987,1.282,7.450580596923828e-09,2.384185791015625e-07
row_softmax,v3_width_aware,float32,16384,32,32,1,524288,4194304,19.392,19.392,19.456,216.290423,8.192,10.24,2.367,1.4901161193847656e-08,2.384185791015625e-07
row_softmax,v4_warp_rows,float32,16384,32,256,8,524288,4194304,13.952,13.952,14.336,300.623852,8.192,10.24,1.703,1.4901161193847656e-08,2.384185791015625e-07
row_softmax,v3_width_aware,float32,16384,64,64,1,1048576,8388608,21.776,21.776,22.528,385.22263,9.216,10.05,2.363,8.940696716308594e-08,2.384185791015625e-07
row_softmax,v4_warp_rows,float32,16384,64,256,8,1048576,8388608,15.104,15.104,15.518,555.389814,9.216,10.05,1.639,1.4901161193847656e-08,2.384185791015625e-07
row_softmax,v3_width_aware,float32,16384,128,128,1,2097152,16777216,32.752,32.752,32.838,512.250125,11.424,12.288,2.867,5.960464477539063e-08,2.384185791015625e-07
row_softmax,v4_warp_rows,float32,16384,128,256,8,2097152,16777216,19.136,19.136,19.456,876.735766,11.424,12.288,1.675,1.4901161193847656e-08,2.384185791015625e-07
row_softmax,v3_width_aware,float32,1024,129,256,1,132096,1056768,11.04,11.04,11.984,95.721737,7.936,8.571,1.391,2.9802322387695312e-08,2.384185791015625e-07
row_softmax,v4_warp_rows,float32,1024,129,256,1,132096,1056768,10.944,10.944,11.603,96.5614,7.936,8.571,1.379,2.9802322387695312e-08,2.384185791015625e-07
row_softmax,v3_width_aware,float32,1024,512,256,1,524288,4194304,12.288,12.288,13.058,341.333321,8.192,8.874,1.5,1.4901161193847656e-08,2.384185791015625e-07
row_softmax,v4_warp_rows,float32,1024,512,256,1,524288,4194304,12.288,12.288,13.158,341.333321,8.192,8.874,1.5,1.4901161193847656e-08,2.384185791015625e-07
row_softmax,v3_width_aware,float32,1024,4096,256,1,4194304,33554432,38.912,38.912,39.936,862.315828,37.328,37.888,1.042,1.862645149230957e-09,2.384185791015625e-07
row_softmax,v4_warp_rows,float32,1024,4096,256,1,4194304,33554432,38.912,38.912,39.936,862.315828,37.328,37.888,1.042,1.862645149230957e-09,2.384185791015625e-07
