operator,variant,dtype,rows,cols,elements,logical_io_bytes,median_us,p50_us,p95_us,logical_io_gbps,torch_median_us,torch_p95_us,slowdown_vs_torch,max_abs_error,max_row_sum_error
row_softmax,v1_block_shared,float32,128,128,16384,131072,10.368,10.368,11.443,12.641976,8.192,10.21,1.266,1.4901161193847656e-08,1.1920928955078125e-07
row_softmax,v2_warp_shuffle,float32,128,128,16384,131072,10.336,10.336,11.954,12.681115,8.192,10.21,1.262,1.4901161193847656e-08,1.1920928955078125e-07
row_softmax,v1_block_shared,float32,128,512,65536,524288,10.24,10.24,11.528,51.200001,8.176,9.349,1.252,7.450580596923828e-09,1.7881393432617188e-07
row_softmax,v2_warp_shuffle,float32,128,512,65536,524288,10.592,10.592,12.003,49.498491,8.176,9.349,1.295,7.450580596923828e-09,1.1920928955078125e-07
row_softmax,v1_block_shared,float32,128,1024,131072,1048576,10.512,10.512,11.264,99.750381,8.256,9.216,1.273,3.725290298461914e-09,1.1920928955078125e-07
row_softmax,v2_warp_shuffle,float32,128,1024,131072,1048576,10.4,10.4,11.264,100.824615,8.256,9.216,1.26,3.725290298461914e-09,1.1920928955078125e-07
row_softmax,v1_block_shared,float32,128,4096,524288,4194304,13.664,13.664,14.336,306.960193,9.216,9.955,1.483,9.313225746154785e-10,1.1920928955078125e-07
row_softmax,v2_warp_shuffle,float32,128,4096,524288,4194304,13.216,13.216,13.496,317.365616,9.216,9.955,1.434,9.313225746154785e-10,1.1920928955078125e-07
row_softmax,v1_block_shared,float32,1024,128,131072,1048576,14.336,14.336,15.234,73.142856,8.096,9.216,1.771,1.4901161193847656e-08,2.384185791015625e-07
row_softmax,v2_warp_shuffle,float32,1024,128,131072,1048576,10.24,10.24,11.264,102.400003,8.096,9.216,1.265,2.9802322387695312e-08,2.384185791015625e-07
row_softmax,v1_block_shared,float32,1024,512,524288,4194304,16.192,16.192,16.414,259.035567,8.192,8.419,1.977,1.4901161193847656e-08,1.1920928955078125e-07
row_softmax,v2_warp_shuffle,float32,1024,512,524288,4194304,12.256,12.256,12.291,342.224538,8.192,8.419,1.496,1.4901161193847656e-08,2.384185791015625e-07
row_softmax,v1_block_shared,float32,1024,4096,4194304,33554432,41.792,41.792,41.984,802.891241,36.608,37.766,1.142,2.7939677238464355e-09,2.384185791015625e-07
row_softmax,v2_warp_shuffle,float32,1024,4096,4194304,33554432,39.6,39.6,40.032,847.334146,36.608,37.766,1.082,1.862645149230957e-09,2.384185791015625e-07
