operator,variant,dtype,rows,cols,threads_per_block,elements,logical_io_bytes,median_us,p50_us,p95_us,logical_io_gbps,torch_median_us,torch_p95_us,slowdown_vs_torch,max_abs_error,max_row_sum_error
row_softmax,v2_warp_shuffle,float32,1024,31,256,31744,253952,10.24,10.24,11.203,24.800001,8.064,9.682,1.27,1.4901161193847656e-08,2.384185791015625e-07
row_softmax,v3_width_aware,float32,1024,31,32,31744,253952,10.256,10.256,89.76,24.761311,8.064,9.682,1.272,1.4901161193847656e-08,2.384185791015625e-07
row_softmax,v2_warp_shuffle,float32,1024,32,256,32768,262144,10.24,10.24,11.264,25.600001,7.856,9.019,1.303,1.4901161193847656e-08,2.384185791015625e-07
row_softmax,v3_width_aware,float32,1024,32,32,32768,262144,10.24,10.24,12.13,25.600001,7.856,9.019,1.303,1.4901161193847656e-08,2.384185791015625e-07
row_softmax,v2_warp_shuffle,float32,1024,33,256,33792,270336,10.944,10.944,12.306,24.701753,8.192,9.144,1.336,5.960464477539063e-08,2.384185791015625e-07
row_softmax,v3_width_aware,float32,1024,33,64,33792,270336,10.48,10.48,11.334,25.795421,8.192,9.144,1.279,5.960464477539063e-08,2.384185791015625e-07
row_softmax,v2_warp_shuffle,float32,1024,63,256,64512,516096,11.2,11.2,13.259,46.080002,8.336,9.216,1.344,4.470348358154297e-08,2.384185791015625e-07
row_softmax,v3_width_aware,float32,1024,63,64,64512,516096,10.448,10.448,11.627,49.396631,8.336,9.216,1.253,4.470348358154297e-08,2.384185791015625e-07
row_softmax,v2_warp_shuffle,float32,1024,64,256,65536,524288,11.008,11.008,11.686,47.627907,8.192,9.024,1.344,5.960464477539063e-08,2.384185791015625e-07
row_softmax,v3_width_aware,float32,1024,64,64,65536,524288,10.608,10.608,11.827,49.423832,8.192,9.024,1.295,5.960464477539063e-08,2.384185791015625e-07
row_softmax,v2_warp_shuffle,float32,1024,65,256,66560,532480,10.576,10.576,11.264,50.347958,8.192,8.928,1.291,2.9802322387695312e-08,2.384185791015625e-07
row_softmax,v3_width_aware,float32,1024,65,128,66560,532480,10.448,10.448,11.264,50.964778,8.192,8.928,1.275,2.9802322387695312e-08,2.384185791015625e-07
row_softmax,v2_warp_shuffle,float32,1024,127,256,130048,1040384,11.008,11.008,11.264,94.511628,8.192,8.736,1.344,2.9802322387695312e-08,2.384185791015625e-07
row_softmax,v3_width_aware,float32,1024,127,128,130048,1040384,10.464,10.464,11.264,99.425076,8.192,8.736,1.277,2.9802322387695312e-08,2.384185791015625e-07
row_softmax,v2_warp_shuffle,float32,1024,128,256,131072,1048576,10.24,10.24,11.264,102.400003,8.144,8.294,1.257,2.9802322387695312e-08,2.384185791015625e-07
row_softmax,v3_width_aware,float32,1024,128,128,131072,1048576,10.208,10.208,10.902,102.720999,8.144,8.294,1.253,2.9802322387695312e-08,2.384185791015625e-07
row_softmax,v2_warp_shuffle,float32,1024,129,256,132096,1056768,10.448,10.448,11.669,101.145483,8.048,8.192,1.298,2.9802322387695312e-08,2.384185791015625e-07
row_softmax,v3_width_aware,float32,1024,129,256,132096,1056768,10.496,10.496,11.827,100.682928,8.048,8.192,1.304,2.9802322387695312e-08,2.384185791015625e-07
row_softmax,v2_warp_shuffle,float32,1024,255,256,261120,2088960,11.264,11.264,13.342,185.454544,8.096,8.291,1.391,2.9802322387695312e-08,2.384185791015625e-07
row_softmax,v3_width_aware,float32,1024,255,256,261120,2088960,11.264,11.264,11.378,185.454544,8.096,8.291,1.391,2.9802322387695312e-08,2.384185791015625e-07
row_softmax,v2_warp_shuffle,float32,1024,256,256,262144,2097152,11.104,11.104,11.264,188.864557,8.128,8.288,1.366,2.2351741790771484e-08,2.384185791015625e-07
row_softmax,v3_width_aware,float32,1024,256,256,262144,2097152,10.88,10.88,11.264,192.752942,8.128,8.288,1.339,2.2351741790771484e-08,2.384185791015625e-07
row_softmax,v2_warp_shuffle,float32,1024,257,256,263168,2105344,11.264,11.264,12.288,186.909089,7.984,8.712,1.411,1.4901161193847656e-08,2.384185791015625e-07
row_softmax,v3_width_aware,float32,1024,257,256,263168,2105344,11.264,11.264,12.288,186.909089,7.984,8.712,1.411,1.4901161193847656e-08,2.384185791015625e-07
row_softmax,v2_warp_shuffle,float32,1024,512,256,524288,4194304,12.08,12.08,12.288,347.210602,7.936,8.192,1.522,1.4901161193847656e-08,2.384185791015625e-07
row_softmax,v3_width_aware,float32,1024,512,256,524288,4194304,12.288,12.288,12.288,341.333321,7.936,8.192,1.548,1.4901161193847656e-08,2.384185791015625e-07
row_softmax,v2_warp_shuffle,float32,1024,1024,256,1048576,8388608,15.248,15.248,15.966,550.144817,9.264,10.24,1.646,3.725290298461914e-09,2.384185791015625e-07
row_softmax,v3_width_aware,float32,1024,1024,256,1048576,8388608,15.36,15.36,15.765,546.133347,9.264,10.24,1.658,3.725290298461914e-09,2.384185791015625e-07
row_softmax,v2_warp_shuffle,float32,1024,4096,256,4194304,33554432,38.912,38.912,42.374,862.315828,36.864,37.888,1.056,1.862645149230957e-09,2.384185791015625e-07
row_softmax,v3_width_aware,float32,1024,4096,256,4194304,33554432,39.04,39.04,39.936,859.488541,36.864,37.888,1.059,1.862645149230957e-09,2.384185791015625e-07
