rows,cols,variant,median_us,speedup_vs_v0
128,128,v0_scalar,10.879999957978725,1.0
128,128,v1_float4,10.575999971479177,1.0287443255786082
128,512,v0_scalar,10.56000031530857,1.0
128,512,v1_float4,10.623999871313572,0.9939759453331876
128,1024,v0_scalar,11.28000020980835,1.0
128,1024,v1_float4,11.264000087976456,1.0014204653504017
128,4096,v0_scalar,19.487999379634857,1.0
128,4096,v1_float4,19.680000841617584,0.990243828568508
256,512,v0_scalar,11.983999982476234,1.0
256,512,v1_float4,11.264000087976456,1.0639204446800679
256,1024,v0_scalar,14.015999622642994,1.0
256,1024,v1_float4,14.303999952971935,0.9798657486524178
256,4096,v0_scalar,34.960001707077026,1.0
256,4096,v1_float4,31.74399957060814,1.1013105525444435
512,512,v0_scalar,14.063999988138676,1.0
512,512,v1_float4,14.336000196635723,0.9810267714309269
512,1024,v0_scalar,19.744000397622585,1.0
512,1024,v1_float4,20.128000527620316,0.9809220926106996
512,4096,v0_scalar,66.27199798822403,1.0
512,4096,v1_float4,56.32000043988228,1.176704500543547
1024,512,v0_scalar,19.487999379634857,1.0
1024,512,v1_float4,20.080000162124634,0.9705178895562749
1024,1024,v0_scalar,34.84800085425377,1.0
1024,1024,v1_float4,31.74399957060814,1.0977822998246143
1024,4096,v0_scalar,126.81600451469421,1.0
1024,4096,v1_float4,110.36799848079681,1.1490287606942444
2048,512,v0_scalar,32.76799991726875,1.0
2048,512,v1_float4,31.74399957060814,1.032258075872983
2048,1024,v0_scalar,61.43999844789505,1.0
2048,1024,v1_float4,60.416001826524734,1.0169490961071963
2048,4096,v0_scalar,235.52000522613525,1.0
2048,4096,v1_float4,214.01600539684296,1.1004784655681155